category,site_name,domain,primary_niche,sub_niche,winner_type,country_audience,start_year,traffic_est,traffic_evidence,traffic_source_url,revenue_reported,revenue_evidence,revenue_source_url,monetization_models,display_ads,affiliate,own_product,digital_product,course_community,newsletter_email_capture,saas_tool_lead,sponsored_content,content_scale,evergreen_or_news,dominant_search_intent,problem_solving_content,comparison_buying_content,tutorial_howto,first_hand_experience_evidence,downloadable_template_tool,free_tool_calculator,commercial_intent_level,visitor_to_revenue_distance,time_to_monetization,evidence_confidence,likely_primary_revenue_driver,likely_secondary_revenue_driver,cleansheethq_transferability_summary
Excel/Spreadsheet/Productivity,ExcelJet,exceljet.net,Excel formulas/functions,Formulas-focused reference,TRAFFIC,US/Global,"UNKNOWN (est. ~2011, D)",~150K/mo,B,similarweb.com/website/exceljet.net,UNKNOWN,UNKNOWN,—,"display ads, paid courses, newsletter",Y (C),UNKNOWN,Y (courses),Y,Y (courses),"Y (100K+ subs, C)",N,UNKNOWN,~500+ articles (D),Evergreen,Problem-solving/informational,Y,N,Y,"Y (C, screenshots)",N (course-focused),N,Med,MEDIUM,UNKNOWN,Mostly B (traffic) + D; no revenue evidence found,Course sales,Display ads,High: single-answer formula-reference format replicable for data-cleanup long-tail queries
Excel/Spreadsheet/Productivity,Ablebits,ablebits.com,Excel/Office add-in software,Add-in tool + formula help,TRAFFIC + REVENUE(C),"US/Global (co. Moldova-based, D)","UNKNOWN (est. ~2006, D)",~147K/mo,B,similarweb.com/website/ablebits.com,"UNKNOWN (paid software co., not disclosed)",UNKNOWN,—,"own SaaS/add-in sales (Kutools-class Ablebits products), free formula helper tool","N (C, product-led)",N,Y (Kutools/Ablebits add-ins),Y,N,Y (C),Y (add-in product),UNKNOWN,"~1000+ articles (D, large KB)",Evergreen,Problem-solving,Y,N,Y,Y (C),Y (free formula helper tool),Y (free online formula generator),Med-High,MEDIUM,UNKNOWN,B (traffic) + D; revenue UNKNOWN despite being a real software company,Own product (Kutools/add-ins) sales,Free tool as lead-gen,High: pairing free educational content with real downloadable tool mirrors trust-then-sell model
Excel/Spreadsheet/Productivity,Excel Campus,excelcampus.com,Excel tutorials/training,"Formulas, macros, dashboards",NICHE AUTHORITY,US/Global,"UNKNOWN (est. ~2012, D)",~52K/mo,B,similarweb.com/website/excelcampus.com,UNKNOWN,UNKNOWN,—,"paid courses, membership, YouTube ads, affiliate",Y (C),Y (D),Y (courses),Y,Y (courses+membership),Y (C),N,UNKNOWN,~300+ articles (D),Evergreen,Problem-solving/tutorial,Y,N,Y,Y (C),Y (some workbooks),N,Med-High,MEDIUM,UNKNOWN,B (traffic) + D; no revenue evidence found,Course sales,YouTube ads/affiliate,Medium: tutorial depth replicable but needs YouTube/email channel build-up first
Excel/Spreadsheet/Productivity,Contextures,contextures.com,Excel tips & tutorials,"Pivot tables, formulas, VBA",NICHE AUTHORITY,Canada/Global,"UNKNOWN (est. ~2000, D)",UNKNOWN (n/a monthly avg),B,similarweb.com/website/contextures.com,UNKNOWN,UNKNOWN,—,"UNKNOWN (ads likely, C-low)",Y (D),UNKNOWN,N,N,N,"Y (C, likely)",N,UNKNOWN,~200+ pages (D),Evergreen,Problem-solving,Y,N,Y,Y (C),Y (sample files),N,Low-Med,HIGH (unclear monetization),UNKNOWN,B (traffic) + D; weakest evidence overall (revenue/monetization mostly UNKNOWN),UNKNOWN/ads (D),UNKNOWN,Medium-High: proves narrow authority niche can sustain decades on evergreen SEO alone
Excel/Spreadsheet/Productivity,TrumpExcel,trumpexcel.com,Excel training/courses,"Formulas, dashboards, courses",REVENUE (documented),India/Global,2013 (A),~91K/mo,B,similarweb.com/website/trumpexcel.com,"~$10,000/mo (60% courses, rest ads/affiliate) (B)",B (Starter Story interview),starterstory.com/businesses/trumpexcel.com,"courses (primary), display ads, affiliate",Y (A/C),"Y (A, ""small amount"")",Y (courses),Y,Y,"Y (40K+ subs, A)",N,UNKNOWN,~500+ articles (D),Evergreen,Informational->purchase (course funnel),Y,N,Y,Y (C),Y (some),N,High,MEDIUM,~18 months to notable traffic per founder (A),Strong B (named interview with specific numbers) + B traffic,Course sales (60%),Display ads,"Medium: course-funnel model replicable long-term, needs content volume before monetization"
Excel/Spreadsheet/Productivity,Spreadsheeto,spreadsheeto.com,Excel courses,"Formulas, VBA, courses",REVENUE (documented),Denmark ops/US audience,"UNKNOWN (~2016, D)",~28.5K/mo,B,similarweb.com/website/spreadsheeto.com,"~$35,000/mo in 2020 (mostly courses) (B)",B (Course Method interview),coursemethod.com/kasper-langmann.html,"paid video courses, email funnel",N observed (C),UNKNOWN,Y (courses),Y,Y,"Y (core to funnel, A)",N,UNKNOWN,~150+ articles (D),Evergreen,Informational->purchase,Y,N,Y,Y (C),Y (worksheets),N,High,MEDIUM,"UNKNOWN (reached $35K/mo by ~2020, exact ramp UNKNOWN)",Strong B (named interview) + B traffic,Course sales,Email list monetization,Medium: shows courses can outperform ads even at modest traffic
Excel/Spreadsheet/Productivity,XelPlus,xelplus.com,Excel & Power BI courses,"Power Query/Pivot/VBA, BI",REVENUE (documented),Germany-based/Global,"UNKNOWN (~2016, D)",~79K/mo,B,similarweb.com/website/xelplus.com,"""$3M/year"" reported on podcast (B, low confidence single-source)",B (Online Course Show podcast),theonlinecourseguy.com (Online Course Show ep.230),"paid courses (self-hosted, ex-Udemy), YouTube",N observed (C),UNKNOWN,Y (courses),Y,Y,Y (C),N,UNKNOWN,~300+ tutorials/videos (D),Evergreen,Informational->purchase,Y,N,Y,Y (C),Y (some),N,High,MEDIUM,UNKNOWN,"B (podcast-reported figure, single-source) + B traffic",Course sales,YouTube ad revenue,Low-Medium: relies heavily on YouTube scale not yet available to CleanSheetHQ
Excel/Spreadsheet/Productivity,ExtendOffice,extendoffice.com,Excel/Office add-in tools,"Kutools add-in, how-to",TRAFFIC,China-based/Global,"UNKNOWN (est. ~2009, D)",~304K/mo (911.9K/3mo),B,similarweb.com/website/extendoffice.com,UNKNOWN,UNKNOWN,—,"own add-in product (Kutools) sales, ads",Y (C),UNKNOWN,Y (Kutools),Y,N,Y (C),Y (add-in product),UNKNOWN,"~1000+ how-to articles (D, large)",Evergreen,Problem-solving,Y,N,Y,Y (C),Y (Kutools trial),Y (free trial tools),Med,MEDIUM,UNKNOWN,B (traffic) + D; no revenue evidence found,Own product (Kutools) sales,Display ads,High: templated how-to content at scale tied to a tool drives long-tail SEO — close analog
Excel/Spreadsheet/Productivity,Chandoo.org,chandoo.org,Excel/Power BI/dashboards,"Dashboards, charting, Power BI",REVENUE (documented),India-based/Global,2004 (A),~82K/mo (247.3K/3mo),B,similarweb.com/website/chandoo.org,"""$1,000,000+"" cumulative per Mixergy interview title (B)",B (Mixergy podcast interview),mixergy.com/interviews/purna-duggirala-chandoo,"courses, templates, consulting, newsletter",Y (C),UNKNOWN,Y (courses/templates),Y,"Y (Excel School, forum)","Y (100K+ subs, A)",N,UNKNOWN,"""hundreds of tutorials"" (A)",Evergreen,Informational->purchase,Y,N,Y,Y (C),Y (templates),N,Med-High,MEDIUM,UNKNOWN,Strong B (podcast interview + about page) + B traffic,Courses + templates,Consulting/newsletter,Medium: diversified monetization model is aspirational for later stages
Excel/Spreadsheet/Productivity,Vertex42,vertex42.com,Excel/Sheets templates,Templates (budget/finance/PM),TRAFFIC + FAST-GROWTH(claimed),US (Utah)/Global,2003 (A),~400K/mo,B,similarweb.com/website/vertex42.com,UNKNOWN,UNKNOWN,—,"template sales/pro upsell, ads (D), affiliate (D)",Y (D),D-likely (financial tool links),"Y (templates, Pro versions)",Y,N,Y (C),N,UNKNOWN,450+ templates + articles (A),Evergreen,Purchase/download (template),Y,N,Y,Y (C),"Y (core product, 450+ templates)",Y (free calculators),Med,LOW-MEDIUM (direct download funnel),"UNKNOWN (founder went full-time 2008 per about page, A)",B (about-page self-reported stats = A for downloads/visitors) + B traffic,Template downloads -> pro upsell/ads (D),"Affiliate (financial tools, D)",High: proves downloadable reproducible workbook assets alone can build durable organic traffic
Software/Tech Tutorials,How-To Geek,howtogeek.com,Tech tutorials,"OS/software how-to (Windows, Linux, browsers)",TRAFFIC WINNER,"US-heavy (61.8%), global",2006 (Valnet acquired July 2023),"~2.5M/mo (7.5M/3mo, declining -7.5% MoM)",B,similarweb.com/website/howtogeek.com/,UNKNOWN (Valnet private; no per-site figure),UNKNOWN,businesswire.com/news/home/20230704334015 (Valnet acquisition),"display ads (programmatic network), affiliate",Y,Y,N,N,N,Y,N,N (limited),"Very large (10,000+ articles, D)",Evergreen-dominant,Informational how-to,Y,Y (buying guides),Y,"N (editorial, not visibly lab-tested)",N,N,Medium,"HIGH (ad-supported, needs huge scale)",UNKNOWN,"MEDIUM (traffic=B, revenue=UNKNOWN, monetization=C)",Programmatic display ads (Valnet ad network),Affiliate (software/hardware),"Low-Medium: scale doesn't transfer, but evergreen how-to archive pattern does"
Software/Tech Tutorials,MakeUseOf,makeuseof.com,Tech tutorials,"Consumer tech, software lists, ""best of""",TRAFFIC WINNER / REVENUE WINNER,"US-heavy (56.2%), global",2006 (Valnet acquired July 2020),"~2M/mo (6.1M/3mo, +8.85% MoM growth)",B,similarweb.com/website/makeuseof.com/,UNKNOWN (Valnet private),UNKNOWN,businesswire.com/news/home/20200706005078,"display ads, affiliate",Y,Y,N,N,N,Y,N,N,Very large (D),Evergreen-dominant with news layer,Informational + comparison,Y,Y,Y,N,N,N,High,HIGH,UNKNOWN,"MEDIUM (traffic=B, monetization=C, revenue=UNKNOWN)",Affiliate (software/apps/hardware),Display ads,"Low-Medium: ""best of"" comparison format transfers in structure, not scale"
Software/Tech Tutorials,XDA Developers,xda-developers.com,Tech tutorials,"Android/mobile OS modding, dev-adjacent tutorials",TRAFFIC WINNER / NICHE AUTHORITY,"US 30.3%, India 8.3%, global",2003 forum origin; media since ~2011; Future plc 2019,"~2.9M/mo (8.8M/3mo, -5.4% MoM)",B,similarweb.com/website/xda-developers.com/,"UNKNOWN (part of Future plc, no per-site breakout)",UNKNOWN,futureplc.com/news/future-acquires-global-tech-media-publisher-mobile-nations/,"display ads, affiliate, forum/community",Y,Y,N,N,Y (active developer forum/community),Y,N,Y (some),"Very large (forum + articles, D)",Evergreen + news hybrid,Informational + technical how-to,Y,Y,Y,Y (hands-on ROM/rooting testing historically),N,N,Medium-High,HIGH,UNKNOWN,"MEDIUM (traffic=B, ownership=B, revenue=UNKNOWN)",Display ads,Affiliate (devices/accessories),"Medium: ""community as moat"" transfers conceptually but took 20+ years to build"
Software/Tech Tutorials,Lifewire,lifewire.com,Tech tutorials,Consumer electronics/software explainers,REVENUE WINNER,"US-heavy (61.6%), global",Launched 2016 (Dotdash Meredith/IAC),"~1.1M/mo (3.3M/3mo, -3.64% MoM)",B,similarweb.com/website/lifewire.com/,UNKNOWN at site level; parent reports digital revenue growth,B (parent-level only),amediaoperator.com/analysis/dotdash-meredith-sees-higher-digital-revenue-traffic-in-q3/,"display ads (premium/Dotdash direct-sold + programmatic), affiliate",Y,Y,N,N,N,Y,N,Y,Very large (D),Evergreen-dominant,Informational,Y,Y,Y,N,N,N,Medium,HIGH,UNKNOWN,"MEDIUM (traffic=B, revenue=B but parent-level not site-level)","Premium display ads (direct-sold, high RPM)",Affiliate,Low: premium ad-sales relationships inaccessible to solo bloggers
Software/Tech Tutorials,Windows Central,windowscentral.com,Tech tutorials,"Windows OS, Microsoft ecosystem, Xbox",NICHE AUTHORITY,"US 42.9%, global",Founded 2007; Future plc 2019,"~767K/mo (2.3M/3mo, -30.6% MoM sharp decline)",B,similarweb.com/website/windowscentral.com/,UNKNOWN (Future plc doesn't break out site-level),UNKNOWN,futureplc.com/news/future-acquires-global-tech-media-publisher-mobile-nations/,"display ads, affiliate",Y,Y,N,N,N,Y,N,Y,Large (D),Evergreen + news hybrid,Informational + news,Y,Y,Y,Y (hardware reviews),N,N,Medium,HIGH,UNKNOWN,LOW-MEDIUM (steep MoM decline unexplained — treat cautiously),Display ads,Affiliate (Microsoft hardware),Medium: owning one narrow ecosystem completely is directly analogous to CleanSheetHQ
Software/Tech Tutorials,Digital Trends,digitaltrends.com,Tech tutorials,"Consumer tech news + how-to, reviews",TRAFFIC WINNER,"US 48.0%, global",Founded 2006; owned by Recurrent Ventures ($300M raise 2022),"Est. low millions/mo (exact gated, +2.52% MoM)",D (partial B — MoM trend confirmed),similarweb.com/website/digitaltrends.com/,"UNKNOWN (Recurrent Ventures private, only funding round disclosed)",UNKNOWN,prnewswire.com/news-releases/recurrent...301550052.html,"display ads, affiliate, sponsored content",Y,Y,N,N,N,Y,N,Y,Large (D),News + evergreen hybrid,Informational + reviews,Y,Y,Y,"Y (product reviews, hands-on)",N,N,Medium-High,HIGH,UNKNOWN,LOW-MEDIUM (traffic=D since exact number gated; funding=A/B),Display ads,Affiliate,Low: capital-driven scale doesn't transfer; reviews+how-to mix is usable
Software/Tech Tutorials,gHacks,ghacks.net,Tech tutorials,"Windows/Linux/browser tips, privacy/software news",NICHE AUTHORITY,"US-heavy (inferred), global tech audience",2005 (founder Martin Brinkmann has since exited ownership),"~167K/mo (500.8K/3mo, +2.85% MoM)",B,similarweb.com/website/ghacks.net/,UNKNOWN,UNKNOWN,ghacks.net/about-us/,display ads (no newsletter/membership disclosed),Y,"Y (some, unconfirmed extent)",N,N,N,UNKNOWN (not found on About page),N,UNKNOWN,"Very large (20+ yr archive, D)",Evergreen-dominant,Informational how-to,Y,"N (mostly reviews, not comparison-buying)",Y,N (news/analysis style),N,N,Low-Medium,HIGH,UNKNOWN,MEDIUM (traffic=B; monetization details=D/UNKNOWN),Display ads,Affiliate (limited),High: best solo-operator analog — longevity + narrow niche as moat
Software/Tech Tutorials,Guiding Tech,guidingtech.com,Tech tutorials,"Consumer tech how-to, app tips (mobile + desktop)",NICHE AUTHORITY,"Global, India-relevant audience likely significant (D)","Founded 2009; independent ""Guiding Tech Media"" (earlier Zoho-acquisition claim unverifiable, dropped)","~276K/mo (828.3K/3mo, +1.41% MoM)",B,similarweb.com/website/guidingtech.com/,UNKNOWN,UNKNOWN,—,"display ads, affiliate, newsletter",Y,Y,N,N,N,Y,N,"Y (implied by ""Advertise"" page)","Large: self-reported 6,000+ guides/reviews, 5,400+ videos, 60M+ annual readers (A, self-reported)",Evergreen-dominant,Informational how-to,Y,Y,Y,N,N,N,Medium,HIGH,UNKNOWN,MEDIUM (traffic=B; self-reported readership stat=A but unverified; conflicts with Similarweb),Display ads,Affiliate,Medium: efficient per-article ratio and video-supplementation tactics are transferable
Software/Tech Tutorials,Online Tech Tips,online-tech-tips.com,Tech tutorials,General IT/consumer tech troubleshooting,NICHE AUTHORITY,"Global, US-leaning (inferred)","2007, founded by Aseem Kishore; run by AK Internet Consulting (5-site independent network)",~45K/mo (135.9K/3mo),B,similarweb.com/website/online-tech-tips.com/,"UNKNOWN (network claims 7M+ monthly pageviews across 5 sites combined, A/self-reported)","A (network-level, not site-level)",online-tech-tips.com/about/,"display ads, affiliate, sponsored/advertise page",Y,Y,N,N,UNKNOWN,UNKNOWN,N,Y,"Large (18-year archive, D)",Evergreen-dominant,Informational how-to,Y,N (limited),Y,"Y (site explicitly claims ""tested instructions"")",N,N,Medium,MEDIUM,UNKNOWN,MEDIUM (traffic=B site-level; revenue/pageview claim=A but network-wide),Affiliate,Display ads,"High: closest precedent for solo-operator portfolio with explicit ""tested"" trust claims"
Software/Tech Tutorials,AddictiveTips,addictivetips.com,Tech tutorials,"VPN/security reviews, Windows/Mac/Linux tips",NICHE AUTHORITY,"Global, US-leaning (inferred)",Founded 2008,"~78K/mo (233.9K/3mo, +3.17% MoM)",B,similarweb.com/website/addictivetips.com/,UNKNOWN,UNKNOWN,—,"affiliate (heavy VPN focus), sponsorships, YouTube ads",N/UNKNOWN (About 404'd),Y,N,N,UNKNOWN,N,Y,Y,"Medium: staff writers with named specialty beats, 17K+ YouTube subs, ~15M total views, 1,000+ videos (A, self-reported)",Evergreen-dominant,Comparison/buying (VPN reviews),Y,"Y (heavy — ""best VPN"" style)",Y,Y (specialist writers with named expertise),N,N,High,LOW-MEDIUM (high-intent buying content = short path),UNKNOWN,MEDIUM (traffic=B; YouTube stats=A self-reported; revenue=UNKNOWN),"Affiliate (VPN referral commissions, high-payout niche)",Display/sponsorship,High: best evidence traffic volume matters less than commercial-intent match
Home/DIY,The Spruce,thespruce.com,Home & garden general,"Cleaning, decor, repair (broad)",TRAFFIC WINNER,"US-primary (79.5%), global",~2016 (Dotdash rebrand of About.com Home),~4.4M/mo (13.3M/3mo),B,similarweb.com/website/thespruce.com,UNKNOWN,UNKNOWN,—,"Display ads (Dotdash programmatic), affiliate",Y,Y,N,N,N (D),Y (D),N,Y (D),"Very large (thousands of articles, Dotdash network)",Evergreen,Informational + commercial,Y,Y,Y,"Y (staff-tested claims, D)",N (D),UNKNOWN,Medium-High,LOW (ads convert on pageview),UNKNOWN,Medium (B-grade third-party traffic estimate),Display ads (Dotdash programmatic scale),Affiliate,"SEO-cluster + ""best of X"" comparison format transfers for tool/method roundups"
Home/DIY,Bob Vila,bobvila.com,Home improvement/repair,"Product ""best of"" guides, repair",REVENUE WINNER,US-primary (86.5%),"founded 2010s, TV personality est.1979","~1.1M/mo (current, was 14.5M/mo in 2022)","B (current) / B (2022 figure, different source)",similarweb.com/website/bobvila.com ; nichepursuits.com/bob-vila-affiliate-marketing,"UNKNOWN (implied high via traffic volume, not disclosed)",D (inferred from traffic+affiliate density),nichepursuits.com/bob-vila-affiliate-marketing,"Affiliate (Home Depot/sjv.io + many programs), display ads",Y,Y,N,N,N (D),Y (D),N,Y (D),"Large (""best of"" buying guides, extensive catalog)",Evergreen,Commercial (buying guides),Y,Y (core format),Y (D),"Y (product testing claims, D)",N (D),UNKNOWN,High,LOW (affiliate CTAs embedded),UNKNOWN,Medium (mixed current/historical B-grade data),Affiliate commissions,Display ads,"Affiliate-dense ""best tool for X"" format transfers directly to Excel add-in roundups"
Home/DIY,Family Handyman,familyhandyman.com,Home improvement/DIY,"Tools, repair, projects",REVENUE WINNER,US-primary,Magazine 1951; web era 2000s,8.2M monthly unique visitors (site) + 2.8M (Pro section),A (operator media kit),trustedmediabrands.com Family-Handyman-2024-Media-Kit.pdf,"UNKNOWN (ad rate card only: full-page print ad $68,415)","A (rate card, partial)",trustedmediabrands.com media kit,"Display ads, affiliate, sponsored/native, courses, streaming TV, print ads, newsletters",Y,Y,Y (shop.familyhandyman.com plans),Y (downloadable plans),Y (DIY University on-demand courses),"Y (640K+ subscribers, media kit)",N,"Y (native articles, media kit)",Large (magazine archive + web + video),Evergreen (mostly),Informational + commercial,Y,Y,Y,Y (long-running expert/pro contributor model),Y (paid plans),UNKNOWN,Medium-High,"MEDIUM (mixed models, some need conversion)",UNKNOWN,Medium-High (A-grade operator media kit),Diversified: affiliate + ads + courses/streaming,Affiliate e-commerce,Most transferable: diversified ads+affiliate+paid course model to pair with templates
Home/DIY,This Old House,thisoldhouse.com,Home renovation,Historic home restoration,NICHE AUTHORITY,US-primary (85.2%),TV show 1979; web est.,~313K/mo (938.6K/3mo),B,similarweb.com/website/thisoldhouse.com,UNKNOWN,UNKNOWN,—,"Display ads, affiliate, TV/streaming licensing",Y,Y,N,N,UNKNOWN,Y (D),N,Y (D),Large (decades of TV/print/web archive),Evergreen,Informational,Y,Y (D),Y,Y (decades of on-air renovation),N (D),UNKNOWN,Medium,MEDIUM,UNKNOWN,Medium (B-grade third-party estimate),Display ads + licensing,Affiliate,Deep before/after case-study format transfers to data-cleanup transformation showcases
Home/DIY,Young House Love,younghouselove.com,Home renovation/decor,"Room makeovers, renovation",NICHE AUTHORITY,US-primary,2006 (blog start),UNKNOWN (no current public figure found),UNKNOWN,—,UNKNOWN,UNKNOWN,—,"Affiliate, display ads, sponsored, digital products (paint/house plans partnerships historically)",Y,Y,Y (past house plans),Y,UNKNOWN,Y (D),N,Y (historically documented),"Medium (15+ yrs, single-family blog)",Evergreen,Informational/inspirational,Y,N (D),Y,Y (personal home documented),Y (past house plans),UNKNOWN,Medium,MEDIUM,UNKNOWN,Low (mostly D/UNKNOWN),Affiliate + sponsored,Display ads,Long-form personal narrative less relevant; consistency-over-years lesson transfers
Home/DIY,Remodelaholic,remodelaholic.com,Home renovation/DIY,"Remodel tutorials, before/afters",NICHE AUTHORITY,US-primary,2005,UNKNOWN (no current public figure found),UNKNOWN,—,UNKNOWN,UNKNOWN,—,"Affiliate (Amazon, Rockler), digital plans/printables shop, sponsored ""as seen in""",Y,Y,Y (plans/printables shop),Y,"UNKNOWN (link-party community, not paid course)",Y (D),N,Y (brand features noted),"Large (500+ project posts, weekly link parties since 2005)",Evergreen,Informational/inspirational (tutorial),Y,N (D),Y,Y (own 6 house renovations documented),Y (paid plans/printables),UNKNOWN,Medium,MEDIUM,UNKNOWN,Low (mostly D/UNKNOWN),Affiliate + digital plans sales,Sponsored features,Downloadable templates/printables monetization is highly transferable to Excel templates
Home/DIY,Ana White,ana-white.com,Woodworking/furniture DIY,Free furniture building plans,NICHE AUTHORITY,US/global,2009,"~3M monthly pageviews (2010-era, historical)","B (dated, historical)",socialmediaexaminer.com/how-alaskan-mom-brings-millions-to-her-carpentry-blog,"UNKNOWN (""supports her family,"" no figure)","D (operator statement, no number)",socialmediaexaminer.com article,"Display ads (historically), plans monetized indirectly, book deal",Y,UNKNOWN,N (plans mostly free),"Y (downloadable plans, mostly free)",N,Y (D),N,UNKNOWN,Large (500+ free plans; ~400 in yr 1),Evergreen,Informational (how-to/plans),Y,N,Y,Y (personal builds documented),"Y (free plans, core offering)",UNKNOWN,Low-Medium,"HIGH (mostly free content, indirect monetization)","UNKNOWN (revenue began ""year two,"" per operator)","Low-Medium (historical B-grade data, dated)",Historically display ads (now diminished),Book/media deals,Free-resource-first strategy builds topical authority before indirect monetization
Home/DIY,The Handyman's Daughter,thehandymansdaughter.com,Woodworking/handyman DIY,"Woodworking plans, laser crafts",NICHE AUTHORITY (small),US-primary,2015,UNKNOWN (small/niche scale),UNKNOWN,—,UNKNOWN,UNKNOWN,—,"Digital woodworking plans, Etsy shop, laser-craft product store, tutorials/ads",Y (D),Y,"Y (plans, laser files)","Y (SketchUp-based plans, laser files)",UNKNOWN,Y (D),N,UNKNOWN,Medium (woodworking + laser + gardening spin-off sites),Evergreen,Informational (how-to/plans),Y,N,Y,Y (own 1946 home renovation documented),Y (paid plans),UNKNOWN,Medium,MEDIUM (shop links from content),UNKNOWN,Low (mostly UNKNOWN/D),Digital plans + laser product sales,Ads/affiliate,Most directly transferable: tight niche + real downloadable digital product (files)
Home/DIY,Chris Loves Julia,chrislovesjulia.com,Home renovation/design,Whole-home renovation series,FAST-GROWTH WINNER,US-primary (88.2%),"~2011 (""over 15 years"")",~907K monthly visits,B,media-index.kochava.com/ad_partners/chris-loves-julia,UNKNOWN,UNKNOWN,—,"E-commerce (CLJ Shop), brand collabs (Pottery Barn, Loloi, Shades of Light), sponsored content, affiliate",Y (D),Y,Y (CLJ Shop décor line),UNKNOWN,UNKNOWN,Y (D),N,Y (brand collabs),"Large (15+ yrs of renovation content, multi-platform)","Evergreen (project-diary style, semi-evergreen)",Inspirational/informational,Y,N (D),Y,"Y (own home renovation documented, multiple houses)",UNKNOWN,UNKNOWN,Medium,MEDIUM (shop separate from content),UNKNOWN,Medium (B-grade third-party traffic),Brand partnerships/sponsored + e-commerce,Affiliate,Sponsored/brand-partnership revenue less relevant for a narrow B2B tool niche
Home/DIY,A Beautiful Mess (Home),abeautifulmess.com,Lifestyle/home decor DIY,"Home decor DIY, crafts crossover",FAST-GROWTH WINNER (diversified),US-primary,2007,UNKNOWN (no current public figure found),UNKNOWN,—,UNKNOWN,UNKNOWN,—,"Digital products (app, planners), courses, affiliate, display ads, sponsored",Y,Y,"Y (planners, app)",Y,Y (courses/app referenced historically),Y (D),N,Y (D),"Large (18+ yrs, multi-category)",Evergreen,Inspirational/informational,Y,N (D),Y,Y (personal projects),Y (planners),UNKNOWN,Medium,MEDIUM,UNKNOWN,Low (mostly D/UNKNOWN),Digital products (app/planners) + sponsored,Affiliate/ads,Owned digital product monetization directly transferable: build a lightweight tool as anchor
Personal Finance,Making Sense of Cents,makingsenseofcents.com,Personal finance / lifestyle,"Blogging income, budgeting, travel",REVENUE WINNER,US,2011,"~300K visits/mo (self-reported, older)",A (self-reported in interviews),nichepursuits.com/michelle-schroeder-gardner-making-sense-of-cents,$5M+ lifetime since 2011; $100K/mo by year 5; $1.5M in 2018,"A (income reports, makingsenseofcents.com/category/business-income)",makingsenseofcents.com/2019/01/how-i-made-over-1500000-in-2018...,"Affiliate (50%), courses (20%), sponsored (20%), display ads (small)",Y (small),Y,Y (courses),Y (2 courses),Y (courses),Y (~140K subs),N,Y (~20% of revenue),"Medium (blog, ~13 yrs of posts)",Evergreen,Informational + commercial (income/blogging),Y,Y (course/tool reviews),Y,Y (own blog income reports),UNKNOWN,N,Medium-High,MEDIUM,First $100 at 6 months; $10K/mo at ~2yrs; $100K/mo at 5yrs (self-reported),High (multiple self-published income reports),Affiliate marketing (courses secondary),Sponsored partnerships,High: transparent case-study progress posts build trust & backlinks pre-audience
Personal Finance,Smart Passive Income,smartpassiveincome.com,Online business / passive income,"Course creation, podcasting, SaaS reviews",REVENUE WINNER,US/Global,2008,Not disclosed,UNKNOWN,—,"$200K/mo peak (2008-era per case study); net worth ""$3M+"" by 2023; no revenue post-2019",A (archived income reports 2008-2019),smartpassiveincome.com/blog/category/income-reports,"Courses, affiliate, podcast sponsorship, books, physical product (Kickstarter), YouTube",N (not primary),Y,"Y (courses, books, SaaS tools)",Y (multiple courses),Y (courses + SPI community/podcast),Y,Y (RightMessage-type tool promos),Y (podcast sponsors),"Very large (blog+podcast+courses, 15+ yrs)",Evergreen,Informational + commercial (business tools),Y,Y (tool/software reviews),Y,Y (own business numbers),Y (freebies/lead magnets historically),N,Medium,MEDIUM-HIGH (courses require funnel),First income report within first year (2008); real scale by ~2010-2012,"Medium-High (self-published historically, data ends 2019; recent figures inferred)","Courses/products (SPI Pro, tools) — historically affiliate",Podcast sponsorships,High: teaching-through-building content plus paid tool/template tier mirrors SPI's model
Personal Finance,NerdWallet,nerdwallet.com,Personal finance (comprehensive),"Credit cards, loans, banking, taxes",TRAFFIC WINNER,US,2009,Not disclosed here; among largest US PF sites,UNKNOWN,—,"$687.6M (FY2024), $836.6M (FY2025)",A (SEC 10-K filings),investors.nerdwallet.com (10-K filings),Affiliate/lead-gen (financial product referrals),N (lead-gen model),Y (core model),N,N,N,Y,Y (core lead-gen model),N,"Very large (thousands of articles, calculators)",Mixed (evergreen guides + rate/news updates),Commercial/transactional (financial products),Y,Y (core format),Y,N (aggregator model),Y (calculators),Y (core differentiator),Very High,LOW (direct product referral),"Multi-year build to scale (founded 2009, IPO 2021, $687M+ revenue by 2024)",High (audited SEC filings),Lead-gen/affiliate commissions from financial institutions,Display/lead-gen add-ons,"Low-medium: scale/capital not replicable, but comparison/tool content format is"
Personal Finance,The Points Guy,thepointsguy.com,Travel rewards/points (finance-adjacent),"Credit card points, travel hacking",TRAFFIC WINNER,US,2010,~2.2-2.3M visits/mo (2026),B (Similarweb),similarweb.com/website/thepointsguy.com,UNKNOWN (acquisition price undisclosed),UNKNOWN,—,"Affiliate (credit card referral links), display, sponsored",Y,Y (core model),N,N,N,Y,N,Y,Large (news-style daily content),Mixed (deals/news heavy),Commercial/transactional (card offers),Y,Y (card comparisons),Y,Y (personal travel),N,Y (points valuation tools),High,LOW (direct card referral),Multi-year; acquired by Red Ventures 2017 (7 yrs post-launch),Low-Medium (traffic from third-party estimator; revenue/acquisition price undisclosed),Affiliate credit-card referral commissions,Sponsored content/display,Medium: authority + personality-driven expert content works for a narrow tool niche
Personal Finance,Mr. Money Mustache,mrmoneymustache.com,FIRE / frugality,"Early retirement, DIY, investing",NICHE AUTHORITY,US/Global (English),2005,~1.5M pageviews/mo (peak 175K/day),"B (Pantheon case study, hosting vendor)",pantheon.io/resources/case-studies/mr-money-mustache,UNKNOWN (no public figures),UNKNOWN,—,"Display ads, affiliate (declared ""Affiliates"" page), donations to charity",Y,Y,N,N,Y (large active forum),Y,N,UNKNOWN,"Small-medium (long-form, low frequency)",Evergreen,Informational,Y,N (mostly philosophy),Y,"Y (personal spending, ""MMM Spending 2015"")",N,N,Low,HIGH (mostly goodwill/community),"~$4,000/mo offer to remove ads reported by 2012 (7 yrs post-launch), per own post",Medium (traffic from hosting vendor case study; no revenue data),"Display ads + affiliate (modest, by design)",Forum-driven affiliate clicks,Medium: small opinionated community-building blog sustains on modest ad+affiliate revenue
Personal Finance,Root of Good,rootofgood.com,FIRE / early retirement,Early retirement case study/net worth,NICHE AUTHORITY,US,~2013 (blog started at retirement),UNKNOWN,UNKNOWN,—,UNKNOWN,UNKNOWN,—,"Affiliate (Empower, Rakuten), consulting services, small display",Y (minor),Y,N,N,N,Y,N,UNKNOWN,Small (mostly monthly updates),Evergreen (personal narrative),Informational,Y,N,N (mostly narrative),Y (personal net worth updates),N,N,Low-Medium,HIGH,"Never fully ""monetized"" — retirement-funding was never the blog's business model",Low (no hard traffic/revenue numbers found; qualitative only),"Affiliate links (Empower, Rakuten)",Consulting services,Low-medium: lesson in not over-monetizing rather than a revenue model to copy
Personal Finance,Millennial Money,millennialmoney.com,Personal finance / FIRE,"Money mindset, FIRE, career",FAST-GROWTH WINNER,US/Global,2015,~500K pageviews/mo by end-2017; 1.5M+ visitors/yr,A (self-reported income report),millennialmoney.com/2017-blog-income-report,"$401,681 (2017 blog income report)",A (self-published 2017 income report),millennialmoney.com/2017-blog-income-report,"Affiliate + display (127K), sponsorships/brand (18K), consulting/SEO (93K), books/courses/speaking (164K)","Y (part of ""affiliate & display"" bucket)",Y,"Y (book, coaching)",Y (courses),Y (coaching),"Y (32K+ subs, 400-500/wk growth)",N,"Y (direct advertisers, $17.8K)",Medium (2M+ words per founder),Evergreen,Informational + commercial,Y,Y,Y,Y,UNKNOWN,N,Medium,MEDIUM,"~$400K in blog income by year 2-3 (2017 report, started 2015)",High (self-published detailed income report),"Affiliate + display, then consulting/speaking",Books/coaching/speaking,"High: transparent ""how I built X in Y months"" build-logs are a strong growth format"
Personal Finance,The Penny Hoarder,thepennyhoarder.com,Personal finance / side hustles,"Side hustles, deals, freebies",FAST-GROWTH WINNER,US,2010,~17M unique visitors in best month (2016),"A (founder interview, Mixergy)",mixergy.com/interviews/the-penny-hoarder-with-kyle-taylor,$7.5M (2015) -> ~$20M (2016 projected),"A (founder interview, Mixergy)",mixergy.com/interviews/the-penny-hoarder-with-kyle-taylor,"Performance/affiliate (95%), display (<5%), sponsored content","Y (declining, <5%)","Y (core, 95%)",N,N,N,Y (1.7M subs),N,Y (flat-rate + commission),Very large (high-volume publishing),Mixed (deals are semi-perishable),"Transactional (deals, side hustles)",Y,Y,Y,"Y (writers test services, per Mixergy)",UNKNOWN,N,High,LOW (direct offer clicks),$100 first AdSense check ~2011 (within ~1 yr); $20K by 2012; six figures by 2013; $20M by 2016,"Medium-High (founder interview with specific numbers, but dated 2016)",Performance/affiliate marketing (95%),Display ads (declining),"Medium: high-volume listicle model needs large scale team, less suited to solo blog"
Personal Finance,Wallet Hacks,wallethacks.com,Personal finance / deals,"Coupons, banking bonuses, tools",NICHE AUTHORITY,US,2015,"~29K visits/mo (86.1K/3mo, Aug 2026)",B,similarweb.com/website/wallethacks.com,UNKNOWN,UNKNOWN,—,"Affiliate (banking bonuses, deals), display ads (inferred)",Y (inferred),Y,UNKNOWN,UNKNOWN,N,Y,N,UNKNOWN,Medium,Evergreen (deals need updating),"Commercial (deals, bank bonuses)",Y,Y (deal comparisons),Y,UNKNOWN,UNKNOWN,N,High,LOW-MEDIUM,UNKNOWN (not publicly disclosed),Low (mostly third-party traffic estimate; no revenue data),Affiliate (deals/banking bonuses),Display ads,High: closest solo-operator comp — deal/tool roundups + affiliate + email list
Personal Finance,The Financial Diet,thefinancialdiet.com,Personal finance / lifestyle media,"Budgeting, money psychology, video content",NICHE AUTHORITY (media),US (90% women),2013,~1.3M pageviews/mo (2019 media kit),A (self-published media kit),thefinancialdiet.com Media Kit Q4 2020 PDF,"UNKNOWN (net worth of founder ~$2M+ per InfluencerFee, unverified)","D (third-party influencer valuation site, low confidence)",influencerfee.com/influencer/financial-diet,"Sponsored video/content (category exclusivity deals), YouTube ads, newsletter",N/UNKNOWN,N/UNKNOWN,Y (books),Y (courses/guides),N,"Y (30K subs, 2019)",N,Y (core model — video sponsorships),Medium (blog + high-volume video),Evergreen + timely video,Informational/entertainment,Y,Y (product/brand reviews),Y (video tutorials),Y (personal finance stories),UNKNOWN,N,Low-Medium,"HIGH (brand/sponsorship, not direct clicks)",UNKNOWN,Low-Medium (2019/2020 media kit; no recent revenue figures),Sponsored video content (category exclusivity deals),YouTube ad revenue,Low-medium: video-first strategy requires production investment not typical of a tool site
Other Strong Niche,Nerd Fitness,nerdfitness.com,Fitness,"""Nerd""-targeted strength/beginner fitness",FAST-GROWTH/REVENUE WINNER,US/global English,"2007 (A, Forbes)",UNKNOWN (no public number found),UNKNOWN,—,"""Seven-figure"" cumulative since 2007; team of 9",A,forbes.com/sites/elainepofeldt/.../he-built-a-seven-figure-business...,"Online courses (Nerd Fitness Academy), coaching, annual retreat (Camp NF), book sales",UNKNOWN,Y,"Y (courses, book)",Y,Y (Academy + retreat + forums),Y (D),N,Y (D),"Large (1000s of posts, multi-author)",Evergreen,Informational->transactional (courses),Y,Y (D),Y,Y (Steve Kamb's own transformation story),Y (workout templates),N/UNKNOWN,Medium-high,MEDIUM (needs course upsell),"UNKNOWN exact, operator narrative implies ~1-2 yrs to first real income (D)",MEDIUM (revenue A-sourced but dated; traffic UNKNOWN),Course/Academy sales,Affiliate + book royalties,HIGH: distinctive persona angle can differentiate; funnel tutorials to paid template/tool
Other Strong Niche,The Spruce Pets,thesprucepets.com,Pet care,General pet care/lifestyle,TRAFFIC WINNER,US,"~2016 rebrand of ""PetHelpful"" era; parent Spruce est. 2016 (D)",~833K/mo est.,B,similarweb.com/website/thesprucepets.com,"UNKNOWN (part of Dotdash Meredith/People Inc., not broken out)",UNKNOWN,—,"Display ads, affiliate (Amazon/retail)",Y,Y,N,N,N,Y (D),N,Y (D),"Very large (Dotdash-scale, 1000s)",Evergreen,Informational,Y,Y,Y,Y (D),N,N,Medium,"LOW (ad-driven, immediate)",UNKNOWN,MEDIUM (traffic B-sourced estimate tool; revenue unknown),Display advertising (programmatic),Affiliate commerce,LOW: relies on media-conglomerate scale CleanSheetHQ can't replicate
Other Strong Niche,PetMD,petmd.com,Pet health,Vet-reviewed pet health,TRAFFIC WINNER,US/global,Founded ~2007 (D),"~4.9M/mo (3-mo avg, declining)",B,similarweb.com/website/petmd.com,"UNKNOWN (owned by Chewy, not broken out)",UNKNOWN,—,"Display ads, affiliate, brand tie-in to Chewy",Y,Y,N,N,N,Y (D),N,Y (D),"Very large (vet-reviewed library, 1000s)",Evergreen,Informational/problem-solving,Y,Y (D),Y,Y (vet authorship),N,"N (some breed/food tools, D)",Medium,"LOW (ad-driven, immediate)",UNKNOWN,MEDIUM (traffic B-sourced; revenue unknown),Display advertising + Chewy commerce,Affiliate,LOW: relies on parent-company commerce integration
Other Strong Niche,Digital Photography School (dPS),digital-photography-school.com,Photography,Photo tutorials/gear,NICHE AUTHORITY/REVENUE WINNER,Global English,Founded ~2005 (D),"5,000,000 monthly visitors, 500,000 subscribers",A (Copyblogger case study quoting operator),copyblogger.com/dps/,"""Multimillion dollar web venture"" (A/B, Copyblogger, Rowse-sourced)",A,copyblogger.com/dps/,"Ebooks/courses, affiliate, historically display ads",Y (historically),Y,Y (ebooks/courses),Y,Y (forum + courses),Y,N,Y (D),"Large (1000s, since ~2005)",Evergreen,Informational/tutorial,Y,Y (gear reviews),Y (core format),Y (Rowse's own photos/journey),Y (cheat sheets),N,Medium-high,MEDIUM (needs upsell to course),"UNKNOWN (Rowse narrative: multi-year buildup before ""multimillion"" status)",MEDIUM-HIGH (traffic and revenue both A/B-sourced from operator-linked case study),Course/ebook sales,Affiliate,HIGH: teach-first content then sell templates/courses as productized expertise
Other Strong Niche,PetaPixel,petapixel.com,Photography,Photo news/gear reviews,TRAFFIC WINNER,Global English,"Founded 2009 (D, commonly cited)",~1.2M/mo est.,B,similarweb.com/website/petapixel.com,UNKNOWN,UNKNOWN,—,"Display ads, PetaPixel Memberships ($3/mo ad-free, 2024), sponsored content",Y,Y (D),N,N,Membership community (2024),Y (D),N,Y,Large (daily news + tutorials),Mixed (news + evergreen tutorials),Informational/news + buying (gear reviews),Y,Y (gear reviews),Y,Y (staff test gear),N,N,Medium,LOW-MEDIUM,UNKNOWN,"MEDIUM (traffic B-sourced; revenue unknown, monetization C-observed)",Display ads + memberships,Sponsored content,"MEDIUM: news cadence not applicable but ""best tool for X"" comparison format is"
Other Strong Niche,Nolo,nolo.com,Legal DIY,Consumer self-help law,REVENUE WINNER,US,"1971 (A, nolo.com/about/history)",UNKNOWN (no current number found),UNKNOWN,—,"UNKNOWN (part of Internet Brands, not broken out)",UNKNOWN,—,"Legal forms/software sales, lawyer directory referrals, display ads",Y,N/UNKNOWN,Y (legal forms/software),Y,N,Y (D),"N (legal directory lead-gen, adjacent)",Y (D),"Very large (legal encyclopedia, 1000s of articles)",Evergreen,Informational/transactional (forms),Y,N,Y (how-to legal guides),Y (lawyer-authored),Y (legal form templates — core product),"Y (legal calculators, e.g. some state tools)",High,MEDIUM (needs form/product purchase),UNKNOWN,"LOW-MEDIUM (strong on history, weak on current numbers)",Legal forms/software sales,Affiliate/lead-gen (lawyer directory),"MEDIUM: ""form/template as product"" model maps well to selling Excel templates"
Other Strong Niche,Scary Mommy,scarymommy.com,Parenting,Motherhood/humor-lifestyle,TRAFFIC WINNER,US,Founded 2008 as blog (D),~1.6M/mo (3-mo avg) est.,B,similarweb.com/website/scarymommy.com,"Parent Some Spider sold to BDG for $150M in stock (2021) — company-level, not site revenue","B (M&A price, not site revenue)",variety.com/2021/digital/news/bdg-some-spider-scary-mommy...,"Display/programmatic ads, sponsored content",Y,Y (D),N,N,N,Y (D),N,Y,"Large (1000s, multi-author)",Mixed (evergreen + trend/news),Informational/entertainment,Y,N,N (mostly essay/humor),Y (personal essays),N,N,Low-medium,LOW (ad-driven),UNKNOWN,"LOW-MEDIUM (traffic B-sourced; revenue is parent-company M&A price, not site-level)",Display advertising,Sponsored content,LOW: voice/entertainment model doesn't fit a niche B2B utility topic
Other Strong Niche,FluentU,fluentu.com,Language learning,Video-based language immersion (SaaS),REVENUE WINNER (SaaS),Global (10+ languages),"Founded 2011 (D, not directly confirmed)",UNKNOWN,UNKNOWN,—,UNKNOWN (private SaaS),UNKNOWN,—,Subscription SaaS (Plus/Super tiers),N,N,Y (app/platform itself),Y,N,Y (trial funnel),Y (core product is SaaS),N,Medium (video library + blog),Evergreen,Informational->transactional (trial signup),Y,Y (vs. competitors reviewed by 3rd parties),Y (language lessons),UNKNOWN,N,N,High,MEDIUM (needs trial-to-paid conversion),UNKNOWN,"LOW (pricing confirmed, traffic/revenue unconfirmed)",Subscription revenue,Affiliate (rare),HIGH: content-as-demo of a paid app is directly analogous to a SaaS-like template product
Other Strong Niche,Rennlist,rennlist.com,Automotive (Porsche),Porsche enthusiast forum/community,NICHE AUTHORITY,"Global, Porsche owners","1997 (A, rennlist.com/about-us)","200,000+ registered members (not monthly visits)",A (site's own about page),rennlist.com/forums/about-us/,"UNKNOWN (ad-sales based, no figure disclosed)",C (ad sales dept confirmed structurally),rennlist.com/forums/about-us/,"Display ads, classifieds marketplace, forum ad sales",Y,"Y (classifieds-adjacent, D)",N,N,Y (forum is the product),Y (D),N,Y,"Very large (forum threads, 20+ yrs)",Mixed (forum threads + evergreen guides),"Informational/community (troubleshooting, DIY)",Y,Y (parts/mods comparisons),Y (DIY repair threads),Y (member repair logs),N,N,Low-medium,"LOW-MEDIUM (ad-driven, some classifieds)",UNKNOWN,"MEDIUM (member count and founding A-sourced; revenue model C-observed, no figures)",Display advertising,Classifieds/sponsorship,LOW-MEDIUM: community/forum model needs volume CleanSheetHQ won't reach early
Other Strong Niche,Audio Issues,audio-issues.com,Music production/gear,Home-studio recording/mixing,NICHE AUTHORITY (micro),"Global, home-studio musicians",Founded ~2010 (D),UNKNOWN (small niche site),UNKNOWN,—,UNKNOWN,UNKNOWN,—,"Online courses (""Studio Success Starter Pack""), coaching/services, affiliate",N (membership model reduces reliance),Y,Y (courses),Y,Y,Y (D),N,Y (D),"Small-medium (solo operator, 100s of posts)",Evergreen,Informational/tutorial->transactional (courses),Y,Y (gear reviews),Y (core format),Y (Bjorgvin's own studio/production work),"Y (mixing checklists, D)",N,Medium-high,MEDIUM (needs course upsell),UNKNOWN,"LOW (small site, no hard numbers found; qualitative only)",Course sales,Affiliate/1:1 services,"HIGH: most comparable — solo operator, narrow tech niche, tutorials to paid course ladder"
Food/Recipe,Pinch of Yum,pinchofyum.com,General recipes,"Meal prep, ""few ingredients"" recipes",TRAFFIC + REVENUE WINNER (historically canonical case),"US-primary, global English",2010 (Lindsay Ostrom & Bjork Ostrom),"~1.2M visits/mo (3.6M/3mo, declining -4.5% MoM); historically ""4M pageviews/month"" in 2016 comments","A (self-reported historically) + B (current, Similarweb)",pinchofyum.com/income-report-august ; similarweb.com/website/pinchofyum.com,"Aug-2016: total income $59,448.98; net $37,924.69 after $21,524.29 expenses. AdThrive display $29,204.84 + AdThrive Video $5,973.04; sponsored $7,350; Bluehost affiliate $4,140; Amazon Associates $2,974.12; photography course $2,772.40. Series ended June 2017","A (historical, dated)",pinchofyum.com/income-report-august ; pinchofyum.com/what-we-learned-why-were-stopping,"Display (Mediavine/AdThrive-class), sponsored content, affiliate, digital courses (photography), email",Y,Y,N,"Y (photography course, historical)","Y (Tasty Food Photography, historical)",Y,N,"Y (historical, $7,350/mo in cited report)","Large (1,000+ recipes over 15 yrs)",Evergreen,Transactional (recipe/how-to),"Y (meal prep, weeknight speed)",N,Y,Y,N,N,Medium-High,"LOW (mostly ad-RPM, near-instant monetization on pageview)","A-grade: $21.97 first reported month (Sept 2011); grew to $1,000+/mo within ~1-2 years; reached ~$59K/mo gross by month ~60 (Aug 2016)","High (traffic B, revenue A but 8-9 yrs old)",Display ads (Mediavine/AdThrive-class network),Affiliate + historical digital course,Transparency-builds-trust tactic (income reports) is portable regardless of niche
Food/Recipe,Minimalist Baker,minimalistbaker.com,Vegan/vegetarian recipes,"Plant-based, 10-ingredient-or-less",TRAFFIC WINNER,"US 61%, Canada/UK/Aus",2011 (Dana Shultz),"~2.3M visits/3mo (~770K/mo), down 10% MoM, global rank ~28K",B,similarweb.com/website/minimalistbaker.com,UNKNOWN (no public figures),UNKNOWN,—,"Display ads, affiliate, YouTube ad revenue (channel exists per vidIQ/SocialBlade), cookbook",Y,Y,N,UNKNOWN,N,Y,N,UNKNOWN (likely Y),"Large (1,000+ recipes)",Evergreen,Transactional,Y (dietary restriction solutions),N,Y,Y,N,N,Medium,LOW,UNKNOWN,"Medium (traffic B, revenue UNKNOWN)",Display ads,Affiliate,Extreme topical specificity + minimalism in scope can still produce large scale
Food/Recipe,Budget Bytes,budgetbytes.com,Budget cooking,Per-serving cost-tracked recipes,NICHE AUTHORITY,"US 76%, Canada/UK/Aus",2009 (Beth Moncel),"~7.9M visits/3mo (~2.6M/mo), +3.6% MoM, global rank #7,921",B,similarweb.com/website/budgetbytes.com,"Founder quoted historically re: ""5 million pageviews... enough to quit two full-time jobs"" (undated)",D,medium.com/cucumbertown-magazine,"Display ads, affiliate (Amazon), cookbook",Y,Y,N,N,N,Y,N,UNKNOWN,"Large (1,700+ recipes, cost-per-serving format)",Evergreen,Transactional + budget/comparison,Y (grocery budget problem),N,Y,Y,N,N,Medium-High,LOW,UNKNOWN,"Medium (traffic B, revenue D)",Display ads,Affiliate,High: unique quantifiable cost-per-serving data hook matches commercial search intent
Food/Recipe,Sally's Baking Addiction,sallysbakingaddiction.com,Baking,"Baking/desserts, cookbooks",REVENUE WINNER,"US 66%, global",2011 (Sally McKenney),"~15.8M visits/3mo (~5.3M/mo), +2.7% MoM, #10 US Cooking category",B,similarweb.com/website/sallysbakingaddiction.com,"UNKNOWN exact $; team-scale operation (multiple staff, cookbook line, courses) inferred from site scale",D,"owler.com/company/sallysbakingaddiction (low confidence, excluded from evidence)","Display ads, affiliate, cookbooks, possible paid recipe app/community",Y,Y,Y (baking tool/scale merch referenced),UNKNOWN,UNKNOWN (possible),Y,N,UNKNOWN,"Very large (1,000+ recipes + team)",Evergreen,Transactional,Y (baking troubleshooting),N,Y (baking science explainers),Y,N,N,Medium-High,LOW-MEDIUM (ads + product funnel),UNKNOWN,"Medium (traffic B, revenue D/UNKNOWN)",Display ads + cookbook/product line,Affiliate,Diversify beyond display ads early (courses/templates) given smaller Excel audience
Food/Recipe,Cookie and Kate,cookieandkate.com,Vegetarian/healthy,Vegetarian whole-food,NICHE AUTHORITY,US-primary,2010 (Kathryne Taylor),"~4.8M visits/3mo (~1.6M/mo), -5% MoM",B,similarweb.com/website/cookieandkate.com,UNKNOWN,UNKNOWN,—,"Display ads, affiliate, cookbook",Y,Y,N,N,N,Y,N,UNKNOWN,"Medium (500+, curated)",Evergreen,Transactional,Y (vegetarian variety),N,Y,Y,N,N,Medium,LOW,UNKNOWN,"Medium (traffic B, revenue UNKNOWN)",Display ads,Affiliate,Quality/curation over volume can still build a defensible niche position
Food/Recipe,Half Baked Harvest,halfbakedharvest.com,Comfort food/indulgent,"Rustic/maximalist, shoppable recipes",FAST-GROWTH WINNER,"US 80%, Canada/UK/Aus",2012 (Tieghan Gerard),"~3.8M visits/3mo (~1.3M/mo), +5.6% MoM",B,similarweb.com/website/halfbakedharvest.com,"UNKNOWN exact $; confirmed structural deal: shoppable-recipe/e-commerce partnership with Target via Northfork widgets, described as a ""new revenue stream""",C,northfork.ai/blog/recipe-influencer-half-baked-harvest-innovates-with-revenue-streams-from-shoppable-recipes,"Display ads, affiliate, shoppable-recipe commerce (Target/Northfork), cookbooks (multiple, Clarkson Potter)",Y,Y,N,N,N,Y,N,"Y (likely, brand scale)","Large (1,000+)",Evergreen,Transactional,"N (aspirational, not problem-first)",N,Y,Y,N,N,Medium,LOW-MEDIUM (ads + commerce funnel),UNKNOWN,"Medium (traffic B, revenue C partial)",Display ads + emerging shoppable-commerce/brand deals,Affiliate + cookbook deals,Turning content into a transactional add-on (paid templates) transfers well
Food/Recipe,Damn Delicious,damndelicious.net,Quick weeknight Asian-inspired,"Asian-American fusion, one-pan","FAST-GROWTH WINNER (early), now stable","US 81%, Canada/UK",2011 (Chungah Rhee),"~2.1M visits/3mo (~700K/mo), +4.2% MoM",B,similarweb.com/website/damndelicious.net,"UNKNOWN (two published cookbooks via Hachette imply meaningful advance income, D)",D,hachettebookgroup.com/contributor/chungah-rhee,"Display ads, affiliate, 2 published cookbooks (Hachette)",Y,Y,N,N,N,Y,N,UNKNOWN,Medium-large,Evergreen,Transactional,Y (speed/ease),N,Y,Y,N,N,Medium,LOW-MEDIUM (ads + book funnel),UNKNOWN,"Medium (traffic B, revenue D)",Display ads + cookbook advances,Affiliate,SEO-domain-authority compounding lesson: early consistent publishing compounds ranking
Food/Recipe,Gimme Some Oven,gimmesomeoven.com,General home cooking,"Weeknight dinners, cocktails",NICHE AUTHORITY (declining/plateaued),US-primary,2009 (Ali Ebright),"~3.4M visits/3mo (~1.1M/mo), -5% MoM",B,similarweb.com/website/gimmesomeoven.com,UNKNOWN,UNKNOWN,—,"Display ads, affiliate",Y,Y,N,N,N,Y,N,UNKNOWN,"Large (legacy archive, low new output recently)",Evergreen,Transactional,Y (weeknight ease),N,Y,Y,N,N,Medium,LOW,UNKNOWN,"Medium (traffic B, revenue UNKNOWN)",Display ads,Affiliate,Cautionary: organic value decays without continued publishing cadence
Food/Recipe,Smitten Kitchen,smittenkitchen.com,Home cooking (elevated/literary),NYC apartment-kitchen classics,"NICHE AUTHORITY (low-monetization, brand-strength case)",US 84%,2006 (Deb Perelman),"~2.7M visits/3mo (~900K/mo), stable",B,similarweb.com/website/smittenkitchen.com,UNKNOWN (Deb Perelman has spoken publicly about deliberately limiting ads),C/D,"smittenkitchen.com (public statements on ad restraint, not independently re-verified)","Minimal display ads by choice, affiliate (cookware links), 2 bestselling cookbooks","Y (minimal, by choice)",Y,N,N,N,Y,N,Rare/limited by policy,"Small-medium (deliberately unhurried, ~20 yrs but lower volume/yr)",Evergreen,Transactional,N (voice/story-led),N,Y,Y,N,N,Low-Medium,"MEDIUM-HIGH (revenue tied to book sales/brand, not raw traffic)",UNKNOWN,"Medium (traffic B, revenue C/D self-stated)",Cookbook sales (given intentionally light ads),Affiliate (minimal),Proves a site doesn't have to maximize ad density if paid tools are the real engine
Food/Recipe,Once Upon a Chef,onceuponachef.com,Family-tested American home cooking,Tested-and-perfected family recipes,REVENUE WINNER,US-primary,2009 (Jenn Segal),"~3.6M visits/3mo (~1.2M/mo), +3.8% MoM",B,similarweb.com/website/onceuponachef.com,"UNKNOWN (2 bestselling cookbooks, Google Ads Publisher case study exists but revenue not disclosed)",C,google.com/ads/publisher/stories/once_upon_chef,"Display ads, affiliate, 2 cookbooks, email newsletter",Y,Y,N,N,N,Y,N,UNKNOWN,"Medium-large (curated, ""tested & perfected"")",Evergreen,Transactional,"Y (reliability/""tested"" promise)",N,Y,Y,N,N,Medium,LOW-MEDIUM,UNKNOWN,"Medium (traffic B, revenue C partial via Google case study)",Display ads + cookbook,Affiliate + newsletter-driven engagement,"Strong: ""tested and perfected"" trust rigor is analogous to proving a tool actually works"
Travel,Nomadic Matt,nomadicmatt.com,Budget/backpacker travel advice,"Money-saving guides, courses",TRAFFIC/REVENUE WINNER (legacy),"US-dominant, global",2008,"~91K visits/mo (Similarweb, 2026); historically ""1M+/mo"" self-claimed (2017)","B (Similarweb) + A (self, historical, now stale)",similarweb.com/website/nomadicmatt.com/ ; noahkagan.com/how-to-make-money-blogging-travel-blog-nomadic-matt/,2010: $50-60K; 2013: six figures; ~2017: ~$750K/yr (60% from ebooks/products),A (CNBC interview citing his own figures),cnbc.com/2017/07/07/how-nomadic-matt-quit-his-job-to-travel-the-world.html,"Ebooks/guides, courses (""travel media school""), affiliate, hostel co-ownership, sponsored posts",Y,Y,Y (ebooks/guides),Y,Y (Superstar Blogging/Travel Media School),Y,N,Y,Hundreds of guides + destination hub pages,Evergreen-heavy,Informational + transactional (booking),Y,"Y (gear, cards indirectly)",Y,Y,Y (packing lists/guides as paid products),N confirmed,Medium-High,MEDIUM (needs product/course purchase),~3 yrs to six figures per Matt's own account (2010->2013),Medium (historical A figures now stale; current traffic B),Own products/courses (ebooks),Affiliate,HIGH — content-to-owned-info-product model directly portable to templates/tool sales
Travel,The Points Guy,thepointsguy.com,Points/miles & credit-card travel,"Card reviews, airline/hotel loyalty",REVENUE WINNER,US-dominant,2010,Not disclosed publicly; among largest travel-affiliate sites (millions/mo),D,—,Sold as part of Bankrate/Red Ventures $1.24B deal (2017); TPG-specific split not disclosed,"D (deal-level, not site-level)",en.wikipedia.org/wiki/The_Points_Guy,"Credit-card affiliate (primary), display ads, sponsored content",Y,Y (core),N,N,N,Y,N,Y,Thousands (news + evergreen hybrid),"Mixed (news-heavy: deals, alerts)",Transactional (card sign-ups),Y,Y (core: card comparisons),Y,Y (staff trip reports),N,N,Very High,LOW (card click = commission),UNKNOWN exact TPG timeline,"Low-Medium (deal-level A, site-level D)",Credit-card affiliate,Display ads,LOW direct fit; affiliate-monetization discipline and zero-click SERP risk pattern transfer
Travel,The Blonde Abroad,theblondeabroad.com,Female luxury/lifestyle travel,"Women's tours, fashion+travel",REVENUE WINNER,US female 25-40,~2010,Not disclosed; 1M+ combined social followers,D,—,"$1M+ (self-described ""million dollar"" business, 2019)",B (Forbes profile),forbes.com/sites/alexandratalty/2019/10/16/how-the-blonde-abroad-built-a-million-dollar-travel-empire/,"Group tours (TBA Escapes), digital agency, merch shop, affiliate, sponsorships",N (not primary),Y,"Y (tours, merch)",N,N,Y,N,Y,Hundreds,Evergreen,Informational + booking (tours),Y,Y (tour comparisons),Y,Y,N,N,Medium-High,MEDIUM (needs tour booking),"~9 yrs to ""$1M"" story (2010->2019)",Low-Medium (single Forbes profile),Owned group tours,Affiliate/merch,MEDIUM — owned-product (tours->templates) logic transfers; low ad reliance instructive
Travel,Two Monkeys Travel Group,twomonkeystravelgroup.com,Budget/nomad travel (Filipino audience),Digital nomad/OFW resources,FAST-GROWTH WINNER,Filipino/global nomads,Oct 2014,Not disclosed,UNKNOWN,—,2015: ~$30K/yr; 2020: five-figure/month (EUR),"A (Professional Hobo case-study interview, founder-provided)",theprofessionalhobo.com/financial-case-study-jon-and-kach-bloggers-english-teachers-yogamassage/,"Sponsored posts, affiliate, freelance writing, consulting/immigration services",Y,Y,Y (consulting),N,N,Y,N,Y,Hundreds (multi-site network),Evergreen,Informational,Y,Y,Y,Y,N,N,Medium,MEDIUM,~1 yr to $30K/yr (2014->2015); ~6 yrs to 5-figure/mo (2020),Medium (founder-provided case study),Consulting/services + affiliate,Affiliate,MEDIUM — service-upsell-from-content model transfers to consulting upsell
Travel,Travel Lemming,travellemming.com,General destination guides (SEO),"""Best of"" listicles, city guides",FAST-GROWTH WINNER,US/global,Apr 2017,"""Hundreds of thousands"" visits/past year (2021 interview)",A (founder interview),nomadflag.com/nate-hake-interview/,"Not disclosed (""not going to make me rich"" per founder, updated: ""more than I thought"")","A (founder interview, qualitative)",nomadflag.com/nate-hake-interview/,"Affiliate (booking links), display ads (implied), email",Y (likely),Y,N,N,N,Y,N,UNKNOWN,"1,500+ guides (stated)",Evergreen (SEO listicles),Informational (best-of lists),Y,Y (best-of lists),Y,Y (creator network),N,N,Medium,MEDIUM (needs affiliate click-through),"~4 yrs to ""hundreds of thousands"" visits (2017->2021)","Medium (founder interview, qualitative)",Affiliate (booking commissions),Display ads,HIGH — scaled SEO listicle production process is directly reusable for comparison pages
Travel,Expert Vagabond,expertvagabond.com,Adventure/photography travel,"Outdoor/hiking, gear",NICHE AUTHORITY,US/global,2010,Not disclosed,UNKNOWN,—,Not disclosed,UNKNOWN,—,"Display ads (Mediavine), affiliate, email",Y,Y,N,N,N,Y,N,N (deliberately declined per interview),"Hundreds, long-form",Evergreen,Informational,Y,Y (gear reviews),Y,Y,N,N,Medium,"MEDIUM (ad-view based, but low friction)",UNKNOWN,Low (single vendor interview),Display ads (Mediavine),Affiliate,"MEDIUM — passive-income ad model less relevant, but SEO/gear-comparison structure transfers"
Travel,Y Travel Blog,ytravelblog.com,Family travel,"Family trip planning, RTW",NICHE AUTHORITY,Australia/global families,Mar 2010,Not disclosed,UNKNOWN,—,"""Six-figure"" (self-described, no exact number)","B (interview, vague)",beanninjas.com/blog/caz-and-craig-makepeace/,"Display ads (~30%), sponsored content, brand ambassadorships, affiliate",Y,Y,N,Planned,N,Y,N,Y,Hundreds,Evergreen,Informational,Y,Y,Y,Y,N,N,Medium,MEDIUM,UNKNOWN,"Low (single interview, vague)",Display ads + sponsorships,Affiliate,LOW — family-narrative brand equity doesn't transfer to a B2B tool niche
Travel,Johnny Jet,johnnyjet.com,General travel news/deals,"Deals, tech, airport tips",NICHE AUTHORITY (legacy traffic),US,1997 (as e-newsletter),"520,000+ unique visitors/mo (self-reported media kit)",A (advertiser media kit),johnnyjet.com/advertise/,Not disclosed,UNKNOWN,—,"Display ads, credit-card affiliate, newsletter sponsorships",Y,Y,N,N,N,Y (2 lists: 42K + 10K),N,Y,"Thousands (long-running, daily-ish)",Mixed (deals/news + evergreen),Transactional (deals) + informational,Y,Y (deal comparisons),Y,Y,N,N,High,LOW (ad/newsletter click),UNKNOWN (est. 20+ yrs legacy brand),"Medium (self-reported media kit, standard industry practice)",Newsletter sponsorships/display ads,Affiliate (cards),LOW — legacy personal-brand/newsletter model hard to replicate cold
Travel,Adventurous Kate,adventurouskate.com,Solo female travel,"Safety, solo itineraries",NICHE AUTHORITY,US/global women,Early 2010,Not disclosed,UNKNOWN,—,Not disclosed (states 79% of income from affiliate),"A (% breakdown self-stated, no $ amount)",adventurouskate.com/15-lessons-from-turning-my-travel-blog-into-a-career/,"Affiliate (79%), tours/consulting, minimal sponsored content",N,Y (core),N,N,Blog consulting (1:1),Y,N,Reduced/minimal by choice,Hundreds,Evergreen,Informational (safety/how-to),Y,Y,Y,Y,N,N,Medium-High,MEDIUM (affiliate click),UNKNOWN,Low-Medium (% breakdown only),Affiliate links,Tours/consulting,MEDIUM — narrow-niche + affiliate-discipline model transfers (dominate one job-to-be-done)
Travel,The Planet D,theplanetd.com,Adventure/couple travel,"Extreme adventure, gear",NICHE AUTHORITY,Canada/global,2007,"Over 1M monthly blog visitors (self-reported ""about"" page)",A (self-reported about page),theplanetd.com/about-dave-and-deb/,Not disclosed,UNKNOWN,—,"Brand sponsorships/ambassadorships (100+ brands), affiliate, speaking",N (not primary),Y,N,N,N,Y,N,Y,Hundreds,Evergreen,Informational (inspirational/how-to),Y,Y (gear),Y,Y (award-winning photography),N,N,Low-Medium,"HIGH (brand deals, not visitor-driven per pageview)",UNKNOWN,"Medium (self-reported ""about"" page + awards verifiable)",Brand sponsorships,Affiliate,LOW-MEDIUM — brand-deal-driven revenue doesn't map to CleanSheetHQ's transactional niche
Career/Education,Zety,zety.com,Resume/CV builder + guides,Job-title resume-example matrix + paywalled builder,REVENUE WINNER,Global (India/US/BR heavy),2016 (B),~467K/mo,B,similarweb.com/website/zety.com/,UNKNOWN,UNKNOWN,—,Freemium subscription builder,N (D),N (D),Y (C),Y (C),N,Y (D),Y (C),UNKNOWN,"Very large, 1,400+ guides (A)",Evergreen,Mixed info+transactional,Y,Y,Y,UNKNOWN,Y,N,High,LOW,UNKNOWN,MEDIUM,Builder subscription paywall,Affiliate/referral,Strong — job-title matrix mirrors an Excel-task matrix; view-free/pay-to-export model
Career/Education,The Muse,themuse.com,Career media + employer job board,Career media + employer job board,TRAFFIC WINNER,US 58%,2011 (D),~203K/mo,B,similarweb.com/website/themuse.com/,UNKNOWN,UNKNOWN,—,"B2B job board subscriptions, display ads, sponsored/branded content",Y (D),UNKNOWN,Y (C),Y (C),Y,Y (C),Y (D),Y (C),"Large, long-running archive",Evergreen,Informational,Y,UNKNOWN,Y,UNKNOWN,UNKNOWN,UNKNOWN,Medium(content)/High(B2B),HIGH,UNKNOWN,LOW-MED,Employer/B2B subscriptions,Display + sponsored content,Low — two-sided marketplace doesn't port; lesson is diversifying beyond ads
Career/Education,Ask a Manager,askamanager.org,Workplace Q&A advice blog,Workplace Q&A advice blog,NICHE AUTHORITY,US 78%,2007 (B),~1.37M/mo,B,similarweb.com/website/askamanager.org/,UNKNOWN,UNKNOWN,—,"Display ads, book royalties",Y (D),UNKNOWN,"Y (C, book)",N,N,Y (D),N,UNKNOWN,"Very large, daily since 2007",Evergreen,Informational/advice,Y,UNKNOWN,UNKNOWN,UNKNOWN,UNKNOWN,UNKNOWN,Low-Medium,MEDIUM,UNKNOWN,MEDIUM,Display advertising,Book sales/media,Low structural fit; lesson: recurring reader-letter format builds loyalty over pure SEO
Career/Education,Cultivated Culture,cultivatedculture.com,Resume/LinkedIn coaching for tech/corporate,Resume/LinkedIn coaching for tech/corporate,FAST-GROWTH WINNER,US,2016 (A),"5K->70K/mo in 8mo (A, self-reported; current UNKNOWN)",A,starterstory.com/businesses/cultivatedculture.com,"$15,000-$20,000/mo (A, self-reported)",A,starterstory.com/businesses/cultivatedculture.com,"Tiered digital courses ($47/$147/$297), 1:1 coaching, free lead-gen tools",N (D),UNKNOWN,Y (A),Y (A),Y (A),Y (A),Y (C),UNKNOWN,Medium blog + 1.3M LinkedIn following (B),Evergreen,Informational->lead-gen,Y,UNKNOWN,Y,Y,Y,UNKNOWN,High,MEDIUM,UNKNOWN,MED-HIGH,Digital courses,1:1 coaching,Strong — free tool->email list->tiered course ladder maps directly
Career/Education,ExamTopics,examtopics.com,"Crowd-sourced IT cert exam Q&A (""dumps"")",Crowd-sourced IT cert exam Q&A,NICHE AUTHORITY,"Global, US 26%","UNKNOWN (~2014-16, D)",~367K/mo,B,similarweb.com/website/examtopics.com/,UNKNOWN,UNKNOWN,—,Display ads + paid premium/VCE file access,Y (C),UNKNOWN,Y (C),Y (C),Y (D),N,N,N,"Very large, programmatic per-exam-per-question (D)",Evergreen,Highly transactional,Y,UNKNOWN,UNKNOWN,UNKNOWN,UNKNOWN,UNKNOWN,Medium,LOW,UNKNOWN,MEDIUM,Display ads,Paid premium access,Direct/strongest — rigid per-entity template repeated at scale (rules/logistics precedent)
Career/Education,Jobscan,jobscan.co,ATS resume-match SaaS,ATS resume-match SaaS,REVENUE WINNER,"US 37%, India 22%",2014 (D),~433K/mo,B,similarweb.com/website/jobscan.co/,UNKNOWN,UNKNOWN,—,Freemium SaaS (resume/JD match score),N (D),Y (D),Y (C),Y (C),N,Y (D),Y (C),UNKNOWN,Medium-large,Mixed info+tool,Mixed info+tool,Y,UNKNOWN,UNKNOWN,UNKNOWN,UNKNOWN,Y (free diagnostic tool),High,LOW,UNKNOWN,MEDIUM,SaaS subscription,Affiliate referrals,Strong — free-diagnose-then-upsell mirrors a free spreadsheet-diagnostic tool
Career/Education,Resume Genius,resumegenius.com,Resume/CV builder + guides,Resume/CV builder + guides,REVENUE WINNER,US 58%,2009 (D),~324K/mo,B,similarweb.com/website/resumegenius.com/,UNKNOWN,UNKNOWN,—,Freemium builder + competitor-brand comparison content,UNKNOWN,Y (D),Y (C),Y (C),N,Y (D),Y (C),UNKNOWN,"Large, job-title matrix + competitor reviews",Evergreen,Mixed + competitor-brand searches,Y,Y,Y,UNKNOWN,Y,N,High,LOW,UNKNOWN,LOW-MED,Freemium builder,Affiliate/competitor-conquest content,Direct — content matrix + competitor-interception tactic both transferable
Career/Education,Whizlabs,whizlabs.com,Multi-vendor IT cert practice tests/courses,Multi-vendor IT cert practice tests/courses,NICHE AUTHORITY,"Global, US 25%, India 13%",1999 (B),~104K/mo,B,similarweb.com/website/whizlabs.com/,UNKNOWN,UNKNOWN,—,Paid practice-test bundles + video courses/subscription,UNKNOWN,UNKNOWN,Y (C),Y (C),Y (C),Y (D),N,UNKNOWN,"Large, multi-vendor cert x product pages",Transactional+informational,Transactional+informational,Y,UNKNOWN,UNKNOWN,UNKNOWN,UNKNOWN,UNKNOWN,High,LOW-MED,UNKNOWN,LOW-MED,Paid test bundle sales,Premium cross-cert subscription,Moderate-strong — cert x vendor matrix mirrors a task x function matrix; longevity lesson
Career/Education,Corporette,corporette.com,Career + workwear for women in law/corporate,Career + workwear for women in law/corporate,NICHE AUTHORITY,US 82%,2008 (A),~67.5K/mo,B,similarweb.com/website/corporette.com/,UNKNOWN,UNKNOWN,—,"Display ads, affiliate (Amazon/retail), sponsored reviews",Y (C),Y (C),N,N,N,Y (D),N,Y (C),"Medium-large, 18 yrs daily posts",Evergreen,Informational+shopping,Y,Y,UNKNOWN,UNKNOWN,UNKNOWN,UNKNOWN,Med-High,LOW-MED,UNKNOWN,MEDIUM,Affiliate commerce (daily roundups),Display + sponsored reviews,"Low structural fit; lesson is niching down further than ""career"" broadly"
Career/Education,Tutorials Dojo,tutorialsdojo.com,AWS/cloud certification practice tests & study guides,AWS/cloud certification practice tests & study guides,FAST-GROWTH WINNER,"Global, US 39%, PH-based operator",2018 (B),~200K/mo,B,similarweb.com/website/tutorialsdojo.com/,UNKNOWN,UNKNOWN,—,Own-site practice test sales + Udemy course revenue share,UNKNOWN,UNKNOWN,Y (C),Y (C),Y (C),Y (D),N,UNKNOWN,"Medium-large, ~20+ certs covered",Transactional+informational,Transactional+informational,Y,UNKNOWN,Y,Y (founder-authored technical authority),Y (free cheat sheets),N,High,LOW,UNKNOWN,LOW-MED,Own-site practice test sales,Udemy marketplace revenue,"Strong — free cheat-sheet hook to paid deep product, plus secondary marketplace channel"
Gardening/Outdoor,Epic Gardening,epicgardening.com,Gardening,"Urban veg gardening, seeds, gear",REVENUE WINNER,US 74%,2016 (A),~1.1M visits/mo,B (+A historical),similarweb.com/website/epicgardening.com,"$2.8M(2020)->$7.3M(2021)->""eight figures"" (current); products >90% of rev",A (founder interviews),nichepursuits.com/kevin-espiritu-epic-gardening/ ; stormy.ai/blog/epic-gardening-organic-distribution-strategy,"Own products (seeds/tools/raised beds via Botanical Interests), display ads, affiliate, YouTube/podcast ads",Y,Y,Y,UNKNOWN,UNKNOWN,Y (D),N,Y (D),Large (1000+ articles + 280M lifetime YT views),Evergreen,Informational + transactional,Y,Y,Y,Y (founder on camera),UNKNOWN,UNKNOWN,High,LOW,UNKNOWN,"High (revenue timeline self-reported); Medium (current traffic, 3rd-party)",Owned product sales (seeds/tools/raised beds),Display ads/affiliate/YouTube ads,Build content->trust->owned tool/product funnel instead of relying on ads alone
Gardening/Outdoor,The Spruce (Garden),thespruce.com,Home & garden lifestyle media,"Plant care, garden buying guides",TRAFFIC WINNER,US 80%,"~2016 (Dotdash spinoff, D)",~13.3M visits/mo (sitewide),B,similarweb.com/website/thespruce.com,UNKNOWN (Dotdash Meredith aggregate only),UNKNOWN,—,"Programmatic display ads, affiliate commerce",Y,Y,N,N,N,Y,N,Y (D),Very large (media-scale library),Evergreen,Informational + comparison_buying,Y,Y,Y,N/UNKNOWN,N,N,Medium-High,LOW-MEDIUM,UNKNOWN,Medium (traffic B; revenue UNKNOWN/aggregate),Programmatic display ads,Affiliate commerce,Low direct transfer (needs media scale); validates templated-content-at-scale format
Gardening/Outdoor,Rural Sprout,ruralsprout.com,Gardening/homesteading DIY,"Garden hacks, upcycling, listicles",FAST-GROWTH WINNER,"US 78%, CA, UK",~2017 (D),~256K visits/mo,B,similarweb.com/website/ruralsprout.com,UNKNOWN,UNKNOWN,—,"Display ads (D), affiliate (A)",Y(D),Y,N,N,N,Y(D),N,UNKNOWN,Medium-large,Evergreen,Informational/how-to,Y,N/D,Y,Y(D),N,N,Low-Medium,MEDIUM,UNKNOWN,Medium (traffic B; monetization partly inferred),Display ads (D),Affiliate,Listicle format + social distribution could work but paid-social traffic is volatile
Gardening/Outdoor,Gardener's Path,gardenerspath.com,Gardening/horticulture,"Plant care guides, veg/flower/herb",NICHE AUTHORITY,US primary (D),~2010 (D),"UNKNOWN (tool returned unreliable ""0""; site confirmed active)",UNKNOWN (data gap),semrush.com/website/gardenerspath.com (unreliable read),UNKNOWN,UNKNOWN,—,"Affiliate (A), display ads (Google Site Kit)",Y,Y,N,N,N,Y(D),N,UNKNOWN,"Large, multi-author editorial",Evergreen,Informational/how-to,Y,Y(D),Y,N/UNKNOWN,N,N,Medium,MEDIUM,UNKNOWN,Low-Medium (traffic tool gave unreliable reading),Display ads (D),Affiliate,"Multi-author ""content company"" model is an alternative to solo scaling"
Gardening/Outdoor,Garden Betty,gardenbetty.com,Gardening/homesteading,"Veg gardening, backyard chickens, fermenting",NICHE AUTHORITY,"US 69%, AU 9%",2010 (D),~74K visits/mo,B,similarweb.com/website/gardenbetty.com,UNKNOWN,UNKNOWN,—,"Display ads (D), affiliate (D), books (A)",Y(D),Y(D),"Y (cookbooks, A)",UNKNOWN,UNKNOWN,Y(D),N,Y(D),Medium (15yr archive),Evergreen,Informational + some transactional,Y,Y(D),Y,Y (personal narrative blog),N,N,Low-Medium,MEDIUM,UNKNOWN,Medium (traffic B; monetization mostly D),Display ads (D),Affiliate + book sales,Strong POV/voice + original visuals sustain a niche site without huge scale
Gardening/Outdoor,Backyard Boss,backyardboss.net,Gardening/backyard,"Pest control, backyard misc","NICHE AUTHORITY (weak/declining, contrast case)","US 51%, CA, UK","UNKNOWN (~2018, D)",~32K visits/mo,B,similarweb.com/website/backyardboss.net,UNKNOWN,UNKNOWN,—,"Display ads (D), affiliate (D)",Y(D),Y(D),N,N,N,UNKNOWN,N,UNKNOWN,Medium,Evergreen,"Informational (broad, shallow)",Y(D),Y(D),Y,UNKNOWN,N,N,Low,MEDIUM-HIGH,UNKNOWN,Low (little confirmed beyond traffic),Display ads (D),Affiliate (D),Cautionary: generic low-differentiation content-mill approach shows declining returns
Gardening/Outdoor,Bob Vila (Garden/Outdoor),bobvila.com,Home improvement (garden vertical),"Lawn/garden tools, outdoor living",TRAFFIC WINNER,US 87%,Brand 1979; site relaunched under media co (D),~1.1M visits/mo (sitewide),B,similarweb.com/website/bobvila.com,UNKNOWN (Recurrent Ventures aggregate),UNKNOWN,—,"Display ads (D), affiliate (D)",Y(D),Y(D),N,N,N,Y(D),N,Y(D),Very large (media library),Evergreen,Informational + comparison_buying,Y,Y,Y,UNKNOWN,N,N,High,LOW-MEDIUM,UNKNOWN,Medium (traffic B; revenue UNKNOWN),Affiliate commerce (D),Display ads,"Low direct transfer (media-company scale); validates ""best-of"" comparison format"
Gardening/Outdoor,Modern Farmer,modernfarmer.com,Farming/agriculture journalism,Sustainable/small-scale ag journalism,"NICHE AUTHORITY (financially fragile, contrast case)","US 45%, mixed intl",2013 (B),~30K visits/mo,B,similarweb.com/website/modernfarmer.com,UNKNOWN (documented financial struggles),"B (no figure, business-struggle reporting)",cjr.org/business_of_news/modern_farmer_future.php,"Display ads (D), sponsorships (D)",Y(D),UNKNOWN,N,N,UNKNOWN,Y(D),N,Y(D),Medium (journalism depth over volume),Mixed (evergreen + trend journalism),Informational/editorial,Y(D),N,N/D,"Y(D, reporter-based)",N,N,Low,HIGH,UNKNOWN,"Medium (traffic B; financial history documented, no figure)",Display ads + sponsorships (D),Membership/donations (UNKNOWN),Cautionary: pure authority/journalism without a monetization funnel struggles financially
Gardening/Outdoor,Section Hiker,sectionhiker.com,Hiking/backpacking,"Gear reviews, trail guides",NICHE AUTHORITY,"US 60%, CA, DE, DK","2007 (D, widely cited)",~118K visits/mo,B,similarweb.com/website/sectionhiker.com,UNKNOWN,UNKNOWN,—,"Affiliate (D, strong signal), display ads (D)",Y(D),Y(D),N,N,N,Y(D),N,Y(D),"Large, 18yr archive",Evergreen,Informational + comparison_buying,Y,Y,Y,Y (author section-hikes/tests gear),N,N,Medium-High,LOW-MEDIUM,UNKNOWN,Medium-High (traffic B; monetization inferred from author's public description),Affiliate commerce (D),Display ads,"Strong: single-operator authority built on hands-on proof, monetized via affiliate"
Gardening/Outdoor,Halfway Anywhere,halfwayanywhere.com,Thru-hiking,"PCT/CDT/AT gear guides, trip reports",NICHE AUTHORITY (flagship-asset growth model),"US 48%, CA, AU, UK, DE","2013 (D, widely cited)",~39K visits/mo,B,similarweb.com/website/halfwayanywhere.com,"UNKNOWN (funded via Patreon, no $ figure disclosed)",C (Patreon+affiliate structure observed),halfwayanywhere.com/support/,"Patreon/membership (A), affiliate (A)",Y(D),Y,N,N,"Y (Patreon community, A)",Y(A),N,UNKNOWN,Medium (flagship annual asset + trip reports),Evergreen + annual recurring flagship,Informational + comparison_buying,Y,Y,Y,"Y (A, personal thru-hiker)",UNKNOWN,UNKNOWN,Medium,MEDIUM,UNKNOWN,Medium-High (traffic B; monetization model C via direct site observation),Patreon/membership (C),Affiliate gear links (A),One flagship annually-updated original-research asset becomes a link-magnet/category reference
Product Review/Buying Guides,Wirecutter,nytimes.com/wirecutter,General consumer product reviews/buying guides,Appliances/kitchen/home,TRAFFIC WINNER,"US-centric, English-speaking world",2011 (2016 NYT acquisition),"UNKNOWN (old domain Similarweb data meaningless; now an nytimes.com subsection, can't be measured separately)",UNKNOWN,"similarweb.com/website/thewirecutter.com/ (old domain, reference only)",2011-2016 cumulative affiliate revenue $150 million (pre-NYT-acquisition),B (Poynter/NYT acquisition reporting),poynter.org/business-work/2016/why-the-new-york-times-is-buying-the-wirecutter-for-30-million/ ; forbes.com/sites/andymeek/2025/10/07/wirecutters-path-to-1-billion-in-commerce-one-product-review-at-a-time/,"Affiliate, NYT paywall (metered, 2021~), banner ads (historical)",Y (past/present partial),Y,N,N,N,Y,N,N (explicitly avoided),Thousands of buying guides/reviews (D),Evergreen-dominant (buying guides),Comparison/buying (commercial),Y,Y,Y,Y,N,N,Very high,LOW (comparison content consumed right before purchase),UNKNOWN,Medium (revenue figure is old; traffic unconfirmed),Affiliate commerce,Paywall subscription (NYT sitewide),Low-medium: large editorial comparison-buying operation differs from a small info/tool site
Product Review/Buying Guides,RTINGS.com,rtings.com,Electronics (TV/audio/appliance) lab tests,TV/monitor/headphone/speaker,REVENUE WINNER / NICHE AUTHORITY,"US 60%, English-speaking majority",2012,8M+ monthly organic visits,B,nichepursuits.com/rtings-success-story/,"UNKNOWN (operator suggests ads could yield $1M+/mo if enabled, actual revenue undisclosed)","D (operator interview statement, not actual revenue)",nichepursuits.com/rtings-success-story/,"Paid membership ($45/yr), affiliate, used test-unit sales",N (explicitly no banner ads),Y,N,N,N,Y (membership-driven),N,N (independence emphasized),"4,900+ products tested (A)",Evergreen (product testing),Comparison/buying (commercial),Y,Y,UNKNOWN (some),Y (professional lab),N,N,Very high,LOW,UNKNOWN,High (multiple sources cross-confirmed),Paid membership + affiliate,Used equipment sales,Medium: methodology transparency and standardized benchmark testing framework concept transfers
Product Review/Buying Guides,Outdoor Gear Lab,outdoorgearlab.com,Outdoor gear,Hiking boots/backpacks/tents,NICHE AUTHORITY,"US 59%, English-speaking","UNKNOWN (10+ yrs estimated, D)",~3.8M/3mo (~1.2-1.3M/mo),B,similarweb.com/website/outdoorgearlab.com/,UNKNOWN (low-confidence third-party estimate sites exist but not adopted),UNKNOWN,—,Affiliate,"UNKNOWN (possible, D)",Y,N,N,N,UNKNOWN,N,UNKNOWN,Hundreds of deep category reviews (D),Evergreen,Comparison/buying,Y,Y,UNKNOWN,Y (field testing),N,N,High,LOW,UNKNOWN,"Medium (traffic B, revenue UNKNOWN)",Affiliate,Display ads (assumed),Low: physical field-testing is central and doesn't apply directly to a software niche
Product Review/Buying Guides,PCPartPicker,pcpartpicker.com,PC parts/community,Compatibility/build guides,TRAFFIC WINNER (community),"US-centric, gamers/community",2011,~5.4M/3mo (~1.8M/mo),B,similarweb.com/website/pcpartpicker.com/,UNKNOWN,UNKNOWN,—,Affiliate (retailer click-out),UNKNOWN,Y,N,N,Y (forum community),UNKNOWN,"N (free compatibility utility, not lead-gen)",UNKNOWN,"Parts DB + guides + forum, large UGC (D)",Evergreen (prices real-time),Comparison/buying / compatibility (transactional),Y,Y,Y (build guides),UNKNOWN (user-review based),Y (parts-list/build save-and-share tool),"Y (compatibility checker, price tracker)",High,LOW-MEDIUM (confirm compatibility then buy externally),UNKNOWN,Medium,Affiliate (retailer click-out),Community/brand partnerships,High: free utility/calculator drives traffic and trust — most directly applicable to CleanSheetHQ
Product Review/Buying Guides,Sleepopolis,sleepopolis.com,Mattress/sleep,"Mattress reviews, sleep science",NICHE AUTHORITY,US 66%,"UNKNOWN (early 2010s estimated, D)",~1.3M/3mo (~430K/mo),B,similarweb.com/website/sleepopolis.com,UNKNOWN,UNKNOWN,—,"Affiliate, paid search (self-run ads)",UNKNOWN,Y,N,N,N,UNKNOWN,N,UNKNOWN,Hundreds of mattress reviews + sleep content (D),Evergreen,Comparison/buying,Y,Y,UNKNOWN,Y,N,"Y (sleep calculators, keyword-confirmed)",Very high,LOW,UNKNOWN,Medium,Affiliate,Display ads (assumed),Low-medium: niche repeat-content strategy transfers but comparison-buying model differs
Product Review/Buying Guides,Mattress Clarity,mattressclarity.com,Mattress/sleep,Mattress and bedding reviews,NICHE AUTHORITY,US-centric,2015,UNKNOWN,UNKNOWN,UNKNOWN,UNKNOWN,UNKNOWN,—,"Affiliate, ads, manufacturer-sponsored review units","Y (GTM tag confirmed, C)",Y,N,N,N,UNKNOWN,N,UNKNOWN,Hundreds of reviews/news (D),Evergreen + news mix,Comparison/buying,Y,Y,UNKNOWN,Y (receives and reviews product),N,UNKNOWN,Very high,LOW,UNKNOWN,Low-Medium (revenue/traffic UNKNOWN),Affiliate,Ads/sponsorship,Low-medium: same logic as Sleepopolis; mattress-review industry has known manufacturer conflict-of-interest concerns
Product Review/Buying Guides,Swim University,swimuniversity.com,Pool/spa maintenance,"Pool care chemistry, equipment","FAST-GROWTH/REVENUE WINNER (small-scale, high-profit)",US-centric (DIY pool owners),2006,"UNKNOWN (subscribers: 265K YouTube, 175K email)",A (subscriber counts are A),starterstory.com/stories/swim-university-breakdown,~$1 million/year,B (Starter Story interview-based estimate),starterstory.com/stories/swim-university-breakdown,"Affiliate, digital products (ebooks/courses), email","N (inferred, D)",Y,N,Y (ebooks),Y (courses),"Y (175K subs, A)",N,UNKNOWN,Hundreds of blog+YouTube episodes (D),Evergreen,Informational + buying mix,Y,Y,Y (many pool-care tutorials),Y,N,UNKNOWN,Medium (high share of informational traffic),MEDIUM (needs email nurture),UNKNOWN,Medium (Starter Story interview-based),Affiliate + digital products,Email-based sales,"High: closest model — narrow hobby niche + evergreen tutorials + email + digital product, small team"
Product Review/Buying Guides,Cord Cutters News,cordcuttersnews.com,Cord-cutting/streaming,"Streaming service comparisons, antennas",NICHE AUTHORITY (recovery case),US-centric,"UNKNOWN (early 2010s estimated; sold 2020, repurchased by founder 2023)",UNKNOWN,UNKNOWN,UNKNOWN,UNKNOWN,UNKNOWN,—,Affiliate,UNKNOWN,Y,N,N,N,Y,N,UNKNOWN,Thousands of cumulative news/deal/guide posts (D),Mixed (heavy on streaming news),Informational (which service to choose) + buying,Y,Y,Y (cord-cutting how-to),UNKNOWN,N,UNKNOWN,Medium (high share of news traffic),MEDIUM (indirect conversion from news consumption),UNKNOWN,Low (mostly UNKNOWN),Affiliate,Display ads (assumed),"Medium: personal-brand + fast news response transfers, but news-dependence differs"
Product Review/Buying Guides,Reviewed.com,reviewed.com,General consumer product reviews,Appliances/home goods,TRAFFIC WINNER,US-centric,1997 (predecessor Reviewed.com/CNET lineage),UNKNOWN,UNKNOWN,UNKNOWN,UNKNOWN,UNKNOWN,—,"Affiliate, licensing, advertising",Y,Y,N,N,N,UNKNOWN,N,UNKNOWN,Thousands of reviews (D),Evergreen + some news,Comparison/buying,Y,Y,Y,"Y (24,000 sq ft test lab)",N,N,Very high,LOW,UNKNOWN,Low (no specific revenue/traffic figures found),Affiliate + advertising,Licensing,"Low: dependent on large-company resources (test lab), hard to transfer to a solo blogger"
Product Review/Buying Guides,Projector Reviews,projectorreviews.com,Projectors,Home theater projectors,NICHE AUTHORITY (longevity),US-centric,2003,UNKNOWN,UNKNOWN,UNKNOWN,UNKNOWN,UNKNOWN,—,"Sponsorship (YouTube), advertising, affiliate, newsletter",Y,Y,N,N,N,Y,N,Y (YouTube sponsorship explicitly disclosed),Hundreds of reviews (D),Evergreen,Comparison/buying,Y,Y,UNKNOWN,Y,N,N,High,MEDIUM,UNKNOWN,Low-Medium,Sponsorship + advertising,Affiliate,High: 20+ years fully dominating one narrow hardware category is a useful long-term model
