canonical_root_domain,site_name,primary_niche,category,sub_category,as_of_date,sampling_stratum,traffic_tier,is_niche_authority,is_niche_authority_evidence,is_niche_authority_source_url,is_niche_authority_note,is_contrast_case,is_contrast_case_evidence,is_contrast_case_source_url,is_contrast_case_note,contrast_pattern,contrast_evidence_period,start_year_value,start_year_evidence,start_year_source_url,start_year_note,traffic_provider,traffic_metric,traffic_scope,traffic_value_raw,traffic_value_raw_period,traffic_value_monthly_equivalent,traffic_normalization_method,traffic_research_date,traffic_source_period,traffic_evidence,traffic_source_url,traffic_note,revenue_value,revenue_figure_period,revenue_research_date,revenue_evidence,revenue_source_url,revenue_note,display_ads,display_ads_evidence,display_ads_source_url,display_ads_note,affiliate,affiliate_evidence,affiliate_source_url,affiliate_note,own_product,own_product_evidence,own_product_source_url,own_product_note,course_or_community,course_or_community_evidence,course_or_community_source_url,course_or_community_note,newsletter_email_capture,newsletter_email_capture_evidence,newsletter_email_capture_source_url,newsletter_email_capture_note,content_scale_proxy_value,content_scale_proxy_method,content_scale_proxy_evidence,content_scale_proxy_source_url,content_scale_proxy_note
careercontessa.com,Career Contessa,Career Contessa,Career / Education,UNKNOWN,2026-09-17,Large/Traffic Leader,MID,Y,D,,"Long-running (150,000+ newsletter members claimed), multi-format career media brand (courses, book, podcast, proprietary salary-data project) -- reasoned as an established niche authority rather than a small blog.",UNKNOWN,UNKNOWN,UNKNOWN,Actively selling new courses/coaching and running a weekly podcast; no evidence of decline observed.,NOT_APPLICABLE,,2013,A,https://www.careercontessa.com/about/,"Operator direct statement on About page: ""Since 2013, our mission has been to help women build successful and fulfilling careers on their terms.""",Similarweb,total visits,CONTENT_ONLY,72400,trailing_3_months,24133,"raw_3mo_total / 3, rounded to nearest integer",2026-09-17,Similarweb 'Total Visits Last 3 Months' snapshot; page accessed 2026-09-17,B,https://www.similarweb.com/website/careercontessa.com/,"Similarweb free-tier estimate (""Total Visits Last 3 Months""); exact reporting month varied by page and was not independently reconciled beyond the trailing-3-month framing, so no specific month is asserted.",UNKNOWN,UNKNOWN,UNKNOWN,UNKNOWN,UNKNOWN,,UNKNOWN,UNKNOWN,UNKNOWN,,UNKNOWN,UNKNOWN,UNKNOWN,,Y,C,https://www.careercontessa.com/,"Direct site observation: sells multiple paid courses (24-Hour Resume Makeover, Confidence Crunch, Asking For a Raise 101), a book (Power Moves), and 'Hire a Mentor' coaching.",Y,C,https://www.careercontessa.com/,Direct site observation: paid webinars and 'Hire a Mentor' 1:1 coaching program.,Y,C,https://www.careercontessa.com/,"Direct site observation: homepage states 'Join 150,000+ members who trust us to deliver the best career advice each week.'",UNKNOWN,UNKNOWN,UNKNOWN,UNKNOWN,"No sitemap/index-count (or other automatable) content-scale proxy was collected during Study A Wave 001 research -- left UNKNOWN rather than backfill a guessed value, matching the A0 dataset's own precedent for this field."
classycareergirl.com,Classy Career Girl,Classy Career Girl,Career / Education,UNKNOWN,2026-09-17,Large/Traffic Leader,LOW,Y,D,,"Founder-run career-coaching brand with a decade of operation (since 2014), its own coach-certification program and paid membership -- reasoned as an established niche authority.",UNKNOWN,UNKNOWN,UNKNOWN,Actively enrolling a new coach-certification cohort at time of research; no evidence of decline.,NOT_APPLICABLE,,2014,A,https://www.classycareergirl.com/,Operator direct statement: founder Anna Runyan states 'I created Classy Career Girl(R)...in 2014 because I was a new mom.',Similarweb,total visits,CONTENT_ONLY,12900,trailing_3_months,4300,"raw_3mo_total / 3, rounded to nearest integer",2026-09-17,Similarweb 'Total Visits Last 3 Months' snapshot; page accessed 2026-09-17,B,https://www.similarweb.com/website/classycareergirl.com/,"Similarweb free-tier estimate (""Total Visits Last 3 Months""); exact reporting month varied by page and was not independently reconciled beyond the trailing-3-month framing, so no specific month is asserted.",UNKNOWN,UNKNOWN,UNKNOWN,UNKNOWN,UNKNOWN,,UNKNOWN,UNKNOWN,UNKNOWN,,UNKNOWN,UNKNOWN,UNKNOWN,,Y,C,https://www.classycareergirl.com/,"Direct site observation: sells 'Corporate Rescue Plan' accelerator, a Career Coach Certification program, and multiple digital courses (Summer Business School, 90 Day Launch Plan).",Y,C,https://www.classycareergirl.com/,Direct site observation: paid membership program with member portal (theclasslife.com) and a coach-certification community.,Y,C,https://www.classycareergirl.com/,Direct site observation: repeated lead-capture CTAs (comment PLAN/WEBINAR) tied to free planner/roadmap downloads.,UNKNOWN,UNKNOWN,UNKNOWN,UNKNOWN,"No sitemap/index-count (or other automatable) content-scale proxy was collected during Study A Wave 001 research -- left UNKNOWN rather than backfill a guessed value, matching the A0 dataset's own precedent for this field."
careerattraction.com,Career Attraction,Career Attraction,Career / Education,UNKNOWN,2026-09-17,Large/Traffic Leader,UNKNOWN,Y,D,,"Operating since 2008 (operator-stated) with a claimed 16,000+ readers helped and its own paid workshop brand -- reasoned as an established niche authority.",UNKNOWN,UNKNOWN,UNKNOWN,No evidence of decline found; site actively promotes current workshop offerings.,NOT_APPLICABLE,,2008,A,https://careerattraction.com/,"Operator direct statement: site tagline reads 'Since 2008, Providing Advice that's Helped More than 16,000 High Achievers.'",UNKNOWN,UNKNOWN,CONTENT_ONLY,UNKNOWN,UNKNOWN,UNKNOWN,UNKNOWN,UNKNOWN,UNKNOWN,UNKNOWN,UNKNOWN,Similarweb page for this domain shows no visible Total Visits figure (registration-gated); left UNKNOWN rather than guess.,UNKNOWN,UNKNOWN,UNKNOWN,UNKNOWN,UNKNOWN,,UNKNOWN,UNKNOWN,UNKNOWN,,UNKNOWN,UNKNOWN,UNKNOWN,,Y,C,https://careerattraction.com/,"Direct site observation: promotes 'All Things Career Workshop' (paid training, via allthingscareer.com).",UNKNOWN,UNKNOWN,UNKNOWN,,Y,C,https://careerattraction.com/,Direct site observation: 'Subscribe' button in main navigation.,UNKNOWN,UNKNOWN,UNKNOWN,UNKNOWN,"No sitemap/index-count (or other automatable) content-scale proxy was collected during Study A Wave 001 research -- left UNKNOWN rather than backfill a guessed value, matching the A0 dataset's own precedent for this field."
careersidekick.com,Career Sidekick,Career Sidekick,Career / Education,UNKNOWN,2026-09-17,Mid-scale Active Site,LOW,N,D,,"Homepage positions the site as a content-only career-advice blog ('comprehensive blog featuring exclusive expert career tips'); no proprietary product/coaching brand or long operating history was confirmed in this research pass, so not classified as a niche authority.",UNKNOWN,UNKNOWN,UNKNOWN,No evidence of decline found (also no strong evidence of scale); default N pending deeper research.,NOT_APPLICABLE,,2013,A,https://www.careersidekick.com/about/,"Operator direct statement: ""Biron Clark began working as an Executive Recruiter in 2012 and founded Career Sidekick in June 2013 from a small home office in Quincy, MA.""",Similarweb,total visits,CONTENT_ONLY,24800,trailing_3_months,8267,"raw_3mo_total / 3, rounded to nearest integer",2026-09-17,Similarweb 'Total Visits Last 3 Months' snapshot; page accessed 2026-09-17,B,https://www.similarweb.com/website/careersidekick.com/,"Similarweb free-tier estimate (""Total Visits Last 3 Months""); exact reporting month varied by page and was not independently reconciled beyond the trailing-3-month framing, so no specific month is asserted.",UNKNOWN,UNKNOWN,UNKNOWN,UNKNOWN,UNKNOWN,,UNKNOWN,UNKNOWN,UNKNOWN,,UNKNOWN,UNKNOWN,UNKNOWN,,UNKNOWN,UNKNOWN,UNKNOWN,,UNKNOWN,UNKNOWN,UNKNOWN,,UNKNOWN,UNKNOWN,UNKNOWN,,UNKNOWN,UNKNOWN,UNKNOWN,UNKNOWN,"No sitemap/index-count (or other automatable) content-scale proxy was collected during Study A Wave 001 research -- left UNKNOWN rather than backfill a guessed value, matching the A0 dataset's own precedent for this field."
careerpivot.com,Career Pivot,Career Pivot,Career / Education,UNKNOWN,2026-09-17,Mid-scale Active Site,LOW,Y,D,,"Runs an active weekly podcast, a paid membership community, and multiple published books targeting a specific niche (career pivots for older/baby-boomer workers) -- reasoned as a niche authority.",UNKNOWN,UNKNOWN,UNKNOWN,Podcast described as releasing 'new episodes every Monday' at time of research; no evidence of decline.,NOT_APPLICABLE,,UNKNOWN,UNKNOWN,UNKNOWN,"Only indirect evidence found (site copyright footer read ""(C) Marc Miller and Associates, LLC 2012-2019""), which is not an operator about/history statement, third-party history, or directly-observable first archive/post per this round's evidence-tier bar; left UNKNOWN rather than infer from a copyright footer.",Similarweb,total visits,CONTENT_ONLY,4600,trailing_3_months,1533,"raw_3mo_total / 3, rounded to nearest integer",2026-09-17,Similarweb 'Total Visits Last 3 Months' snapshot; page accessed 2026-09-17,B,https://www.similarweb.com/website/careerpivot.com/,"Similarweb free-tier estimate (""Total Visits Last 3 Months""); exact reporting month varied by page and was not independently reconciled beyond the trailing-3-month framing, so no specific month is asserted.",UNKNOWN,UNKNOWN,UNKNOWN,UNKNOWN,UNKNOWN,,N,C,https://careerpivot.com/,Direct site observation: no traditional display advertising visible on the homepage.,UNKNOWN,UNKNOWN,UNKNOWN,,Y,C,https://careerpivot.com/,"Direct site observation: sells published books ('Repurpose Your Career', 'Personal Branding for Baby Boomers').",Y,C,https://careerpivot.com/,"Direct site observation: paid 'Career Pivot community' membership (online forum, accountability groups, community calls).",Y,C,https://careerpivot.com/,Direct site observation: 'Get Career Pivot Insights' signup form.,UNKNOWN,UNKNOWN,UNKNOWN,UNKNOWN,"No sitemap/index-count (or other automatable) content-scale proxy was collected during Study A Wave 001 research -- left UNKNOWN rather than backfill a guessed value, matching the A0 dataset's own precedent for this field."
bossedup.org,Bossed Up,Bossed Up,Career / Education,UNKNOWN,2026-09-17,Mid-scale Active Site,UNKNOWN,Y,D,,"Long-running women's career-development brand (Emilie Aries) with an active podcast (confirmed still listed on Apple Podcasts), bootcamp, and own tracking tool -- reasoned as a niche authority.",UNKNOWN,UNKNOWN,UNKNOWN,"A WebFetch of the site returned a stale cached snapshot from 2014 during this research, so recent posting cadence could not be directly re-confirmed; however, the podcast is independently confirmed still listed on Apple Podcasts, so this is NOT classified as a contrast/decline case on the evidence available.",NOT_APPLICABLE,,UNKNOWN,UNKNOWN,UNKNOWN,No founding-year statement found (About page fetch blocked by robots.txt; no usable third-party history found either); left UNKNOWN.,UNKNOWN,UNKNOWN,CONTENT_ONLY,UNKNOWN,UNKNOWN,UNKNOWN,UNKNOWN,UNKNOWN,UNKNOWN,UNKNOWN,UNKNOWN,Similarweb page for this domain shows no visible Total Visits figure (only a % MoM change); left UNKNOWN rather than guess.,UNKNOWN,UNKNOWN,UNKNOWN,UNKNOWN,UNKNOWN,,UNKNOWN,UNKNOWN,UNKNOWN,,UNKNOWN,UNKNOWN,UNKNOWN,,Y,C,https://www.bossedup.org/,Direct site observation: sells a 'Bootcamp' program and a 'LifeTracker' goal-tracking tool; also runs a podcast (confirmed active on Apple Podcasts).,Y,C,https://www.bossedup.org/,Direct site observation: multi-part paid workshop series and community networking events (happy hours).,Y,C,https://www.bossedup.org/about,Direct site observation: contact-capture survey/giveaway on the about page.,UNKNOWN,UNKNOWN,UNKNOWN,UNKNOWN,"No sitemap/index-count (or other automatable) content-scale proxy was collected during Study A Wave 001 research -- left UNKNOWN rather than backfill a guessed value, matching the A0 dataset's own precedent for this field."
careersherpa.net,Career Sherpa,Career Sherpa,Career / Education,UNKNOWN,2026-09-17,Narrow Niche Authority,LOW,Y,D,,"Long-running solo-operator brand (Hannah Morgan, 'aka Career Sherpa') with a specific job-search/social-media-strategy niche, own published guides, and speaking engagements -- reasoned as a niche authority.",UNKNOWN,UNKNOWN,UNKNOWN,Site shows continued (if not high-frequency) posting; no clear decline pattern established in this research pass.,NOT_APPLICABLE,,UNKNOWN,UNKNOWN,UNKNOWN,About page (Hannah Morgan) states she founded the site but gives no year; left UNKNOWN.,Similarweb,total visits,CONTENT_ONLY,9900,trailing_3_months,3300,"raw_3mo_total / 3, rounded to nearest integer",2026-09-17,Similarweb 'Total Visits Last 3 Months' snapshot; page accessed 2026-09-17,B,https://www.similarweb.com/website/careersherpa.net/,"Similarweb free-tier estimate (""Total Visits Last 3 Months""); exact reporting month varied by page and was not independently reconciled beyond the trailing-3-month framing, so no specific month is asserted.",UNKNOWN,UNKNOWN,UNKNOWN,UNKNOWN,UNKNOWN,,N,C,https://careersherpa.net/,Direct site observation: no display ad network visible on the homepage.,N,C,https://careersherpa.net/,Direct site observation: no affiliate disclosure found.,Y,C,https://careersherpa.net/,"Direct site observation: sells eBooks (LinkedIn Guide, 'Do I Want This Job?' interviewing ebook) and offers speaking/consulting.",UNKNOWN,UNKNOWN,UNKNOWN,,Y,C,https://careersherpa.net/,Direct site observation: 'Career Essentials member' signup embedded on homepage.,UNKNOWN,UNKNOWN,UNKNOWN,UNKNOWN,"No sitemap/index-count (or other automatable) content-scale proxy was collected during Study A Wave 001 research -- left UNKNOWN rather than backfill a guessed value, matching the A0 dataset's own precedent for this field."
eatyourcareer.com,Eat Your Career,Eat Your Career,Career / Education,UNKNOWN,2026-09-17,Narrow Niche Authority,LOW,Y,D,,"Professional-development training brand with named enterprise clients (Amazon, Microsoft, Capital One per site copy) and a proprietary learning platform -- reasoned as a niche authority.",UNKNOWN,UNKNOWN,UNKNOWN,No evidence of decline found; site actively promotes current workshops and books.,NOT_APPLICABLE,,2009,A,https://eatyourcareer.com/about/,"Operator direct statement on About page: ""In 2009, started Eat Your Career.""",Similarweb,total visits,CONTENT_ONLY,7500,trailing_3_months,2500,"raw_3mo_total / 3, rounded to nearest integer",2026-09-17,Similarweb 'Total Visits Last 3 Months' snapshot; page accessed 2026-09-17,B,https://www.similarweb.com/website/eatyourcareer.com/,"Similarweb free-tier estimate (""Total Visits Last 3 Months""); exact reporting month varied by page and was not independently reconciled beyond the trailing-3-month framing, so no specific month is asserted.",UNKNOWN,UNKNOWN,UNKNOWN,UNKNOWN,UNKNOWN,,N,C,https://eatyourcareer.com/,Direct site observation: no display ads visible; model is direct product/training sales.,UNKNOWN,UNKNOWN,UNKNOWN,,Y,C,https://eatyourcareer.com/,"Direct site observation: sells 5 books/workbooks, a 'Career Success Library' on-demand platform, and 'Learning Lab' full-day paid workshops.",Y,C,https://eatyourcareer.com/,Direct site observation: 'Career Success Library' on-demand learning platform is a paid product/community.,Y,C,https://eatyourcareer.com/,Direct site observation: free webinars/Q&A used for list-building.,UNKNOWN,UNKNOWN,UNKNOWN,UNKNOWN,"No sitemap/index-count (or other automatable) content-scale proxy was collected during Study A Wave 001 research -- left UNKNOWN rather than backfill a guessed value, matching the A0 dataset's own precedent for this field."
keppiecareers.com,Keppie Careers,Keppie Careers,Career / Education,UNKNOWN,2026-09-17,Narrow Niche Authority,LOW,Y,D,,"Single-operator brand (Miriam Salpeter) with six published books and an active social-media presence across five platforms -- reasoned as a niche authority, though smaller-scale than the Large-tier candidates in this batch.",UNKNOWN,UNKNOWN,UNKNOWN,Page metadata showed a July 2024 content update and active social accounts; no strong decline evidence found.,NOT_APPLICABLE,,UNKNOWN,UNKNOWN,UNKNOWN,"About page gives only ""20+ years of experience"" (Miriam Salpeter's career experience, not the blog's founding date); left UNKNOWN.",Similarweb,total visits,CONTENT_ONLY,3900,trailing_3_months,1300,"raw_3mo_total / 3, rounded to nearest integer",2026-09-17,Similarweb 'Total Visits Last 3 Months' snapshot; page accessed 2026-09-17,B,https://www.similarweb.com/website/keppiecareers.com/,"Similarweb free-tier estimate (""Total Visits Last 3 Months""); exact reporting month varied by page and was not independently reconciled beyond the trailing-3-month framing, so no specific month is asserted.",UNKNOWN,UNKNOWN,UNKNOWN,UNKNOWN,UNKNOWN,,N,C,https://www.keppiecareers.com/,Direct site observation: no display ad network visible.,N,C,https://www.keppiecareers.com/,Direct site observation: no affiliate disclosure found.,Y,C,https://www.keppiecareers.com/,"Direct site observation: sells six published books on networking, time management, and professional communication.",Y,C,https://www.keppiecareers.com/,"Direct site observation: 1:1 coaching/consulting on LinkedIn profiles, social media strategy, resumes; also speaking/keynotes.",Y,C,https://www.keppiecareers.com/,Direct site observation: 'Sign Up to Receive Special Offers & Free Gift' signup.,UNKNOWN,UNKNOWN,UNKNOWN,UNKNOWN,"No sitemap/index-count (or other automatable) content-scale proxy was collected during Study A Wave 001 research -- left UNKNOWN rather than backfill a guessed value, matching the A0 dataset's own precedent for this field."
introvertwhisperer.com,Introvert Whisperer,Introvert Whisperer,Career / Education,UNKNOWN,2026-09-17,Contrast Cohort,UNKNOWN,N,D,,Content-only site with a specific (introvert career advice) niche but no proprietary product/coaching brand or third-party recognition confirmed in this research pass.,Y,C,https://introvertwhisperer.com/,"Direct site observation: most recent visible article dated April 17, 2022, following an earlier gap from mid-2021 -- no newer content found as of this research (Sept 2026), consistent with a multi-year posting-cadence drop.",cadence_drop,Most recent visible post April 2022; no confirmed newer posts through Sept 2026 (~4+ years).,UNKNOWN,UNKNOWN,UNKNOWN,"No founding-year statement found; only a 2022 copyright year, which does not indicate founding; left UNKNOWN.",UNKNOWN,UNKNOWN,CONTENT_ONLY,UNKNOWN,UNKNOWN,UNKNOWN,UNKNOWN,UNKNOWN,UNKNOWN,UNKNOWN,UNKNOWN,"Similarweb page shows ""No Data Available"" for this domain; left UNKNOWN.",UNKNOWN,UNKNOWN,UNKNOWN,UNKNOWN,UNKNOWN,,UNKNOWN,UNKNOWN,UNKNOWN,,Y,C,https://introvertwhisperer.com/,Direct site observation: article content links to Princeton Review's GMAT page and a KapTest study-guide URL with an affiliate-style parameter structure.,N,C,https://introvertwhisperer.com/,Direct site observation: no owned product/course promoted on the visible content.,N,C,https://introvertwhisperer.com/,Direct site observation: no paid community/coaching promoted on the visible content.,N,C,https://introvertwhisperer.com/,Direct site observation: no newsletter signup found on the visible content.,UNKNOWN,UNKNOWN,UNKNOWN,UNKNOWN,"No sitemap/index-count (or other automatable) content-scale proxy was collected during Study A Wave 001 research -- left UNKNOWN rather than backfill a guessed value, matching the A0 dataset's own precedent for this field."
floretflowers.com,Floret Flowers,Floret Flowers,Gardening / Outdoor,UNKNOWN,2026-09-17,Large/Traffic Leader,MID,Y,D,,"Emmy-nominated documentary subject, four published books, and a proprietary flower-breeding program (Erin Benzakein) -- clearly an established niche authority in flower farming.",UNKNOWN,UNKNOWN,UNKNOWN,Actively selling new book pre-orders and running workshop enrollment; no evidence of decline.,NOT_APPLICABLE,,UNKNOWN,UNKNOWN,UNKNOWN,"No explicit founding-year statement found on About/Growing Floret pages (only relative ""last 15 years"" language on an undated page); left UNKNOWN rather than infer.",Similarweb,total visits,CONTENT_ONLY,166900,trailing_3_months,55633,"raw_3mo_total / 3, rounded to nearest integer",2026-09-17,Similarweb 'Total Visits Last 3 Months' snapshot; page accessed 2026-09-17,B,https://www.similarweb.com/website/floretflowers.com/,"Similarweb free-tier estimate (""Total Visits Last 3 Months""); exact reporting month varied by page and was not independently reconciled beyond the trailing-3-month framing, so no specific month is asserted.",UNKNOWN,UNKNOWN,UNKNOWN,UNKNOWN,UNKNOWN,,N,C,https://www.floretflowers.com/,Direct site observation: no display advertising found on the homepage.,N,C,https://www.floretflowers.com/,Direct site observation: no affiliate disclosure found; revenue model is owned seeds/products/media instead.,Y,C,https://www.floretflowers.com/,"Direct site observation: sells 'Floret Originals' farm-bred seeds/plants, four published books, and an Emmy-nominated documentary series (Growing Floret, on discovery+/HBO Max/Magnolia Network).",Y,C,https://www.floretflowers.com/,Direct site observation: paid Flower Farming and Flower Arranging workshops with a scholarship program (implying premium pricing).,Y,C,https://www.floretflowers.com/,Direct site observation: repeated newsletter-signup CTAs; free 'Dahlia Mini Course' used as a lead magnet.,UNKNOWN,UNKNOWN,UNKNOWN,UNKNOWN,"No sitemap/index-count (or other automatable) content-scale proxy was collected during Study A Wave 001 research -- left UNKNOWN rather than backfill a guessed value, matching the A0 dataset's own precedent for this field."
growveg.com,GrowVeg,GrowVeg,Gardening / Outdoor,UNKNOWN,2026-09-17,Large/Traffic Leader,MID,Y,D,,"Long-running (referenced across multiple gardening publications like Mother Earth News, Almanac.com) paid-subscription garden-planning tool with an associated published book -- reasoned as a niche authority.",UNKNOWN,UNKNOWN,UNKNOWN,No evidence of decline; subscription product and book actively promoted.,NOT_APPLICABLE,,UNKNOWN,UNKNOWN,UNKNOWN,No founding-year statement found (About page unreachable/404; no usable third-party history found); left UNKNOWN.,Similarweb,total visits,CONTENT_ONLY,188400,trailing_3_months,62800,"raw_3mo_total / 3, rounded to nearest integer",2026-09-17,Similarweb 'Total Visits Last 3 Months' snapshot; page accessed 2026-09-17,B,https://www.similarweb.com/website/growveg.com/,"Similarweb free-tier estimate (""Total Visits Last 3 Months""); exact reporting month varied by page and was not independently reconciled beyond the trailing-3-month framing, so no specific month is asserted.",UNKNOWN,UNKNOWN,UNKNOWN,UNKNOWN,UNKNOWN,,N,C,https://www.growveg.com/,Direct site observation: no display ad placements visible.,UNKNOWN,UNKNOWN,UNKNOWN,,Y,C,https://www.growveg.com/,"Direct site observation: also sells a published book (GrowVeg by Benedict Vanheems, via major retailers per search results) and gift certificates.",Y,C,https://www.growveg.com/,"Direct site observation: paid membership/subscription model centered on the 'Garden Planner' application, with 'Subscriptions & Pricing' in the footer.",UNKNOWN,UNKNOWN,UNKNOWN,,UNKNOWN,UNKNOWN,UNKNOWN,UNKNOWN,"No sitemap/index-count (or other automatable) content-scale proxy was collected during Study A Wave 001 research -- left UNKNOWN rather than backfill a guessed value, matching the A0 dataset's own precedent for this field."
gardenrant.com,GardenRant,GardenRant,Gardening / Outdoor,UNKNOWN,2026-09-17,Large/Traffic Leader,LOW,Y,D,,"Multi-author group blog operating continuously since 2006 with active Mediavine ad monetization and consistent high-volume output (9 articles in Sept 2026, 13-20/month typical per direct observation) -- reasoned as an established niche authority.",UNKNOWN,UNKNOWN,UNKNOWN,Directly observed as actively posting 13-20 articles/month as of Sept 2026 -- no decline; reclassified from an initial 'narrow niche' plan to Large/Traffic Leader based on this evidence.,NOT_APPLICABLE,,2006,A,https://www.gardenrant.com/,Operator direct statement: site describes itself as 'the home of independent garden-writing since 2006.',Similarweb,total visits,CONTENT_ONLY,45600,trailing_3_months,15200,"raw_3mo_total / 3, rounded to nearest integer",2026-09-17,Similarweb 'Total Visits Last 3 Months' snapshot; page accessed 2026-09-17,B,https://www.similarweb.com/website/gardenrant.com/,"Similarweb free-tier estimate (""Total Visits Last 3 Months""); exact reporting month varied by page and was not independently reconciled beyond the trailing-3-month framing, so no specific month is asserted.",UNKNOWN,UNKNOWN,UNKNOWN,UNKNOWN,UNKNOWN,,Y,C,https://www.gardenrant.com/,Direct site observation: site sells Mediavine ad placements.,Y,C,https://www.gardenrant.com/,"Direct site observation: explicit disclosure -- 'As an Amazon Associate, we earn commissions from qualifying purchases.'",Y,C,https://www.gardenrant.com/,Direct site observation: sells branded merchandise/gear through a shop section.,N,C,https://www.gardenrant.com/,Direct site observation: no paid course/community found; multi-author group blog model instead.,Y,C,https://www.gardenrant.com/,Direct site observation: free email subscription for new articles.,UNKNOWN,UNKNOWN,UNKNOWN,UNKNOWN,"No sitemap/index-count (or other automatable) content-scale proxy was collected during Study A Wave 001 research -- left UNKNOWN rather than backfill a guessed value, matching the A0 dataset's own precedent for this field."
gardentherapy.ca,Garden Therapy,Garden Therapy,Gardening / Outdoor,UNKNOWN,2026-09-17,Mid-scale Active Site,MID,Y,D,,"Operating since 2009 with multiple published books, a paid course platform, and press features (per 'Featured in' logos) -- reasoned as a niche authority (Stephanie Rose, permaculture designer/herbalist).",UNKNOWN,UNKNOWN,UNKNOWN,Active book and course sales; no evidence of decline.,NOT_APPLICABLE,,2009,A,https://www.gardentherapy.ca/,Operator direct statement: footer copyright reads 'Garden therapy 2009-2026.',Similarweb,total visits,CONTENT_ONLY,100300,trailing_3_months,33433,"raw_3mo_total / 3, rounded to nearest integer",2026-09-17,Similarweb 'Total Visits Last 3 Months' snapshot; page accessed 2026-09-17,B,https://www.similarweb.com/website/gardentherapy.ca/,"Similarweb free-tier estimate (""Total Visits Last 3 Months""); exact reporting month varied by page and was not independently reconciled beyond the trailing-3-month framing, so no specific month is asserted.",UNKNOWN,UNKNOWN,UNKNOWN,UNKNOWN,UNKNOWN,,N,C,https://www.gardentherapy.ca/,Direct site observation: no display ad placements visible.,Y,C,https://www.gardentherapy.ca/,Direct site observation: explicit disclosure -- 'As an Amazon Associate I earn from qualifying purchases.',Y,C,https://www.gardentherapy.ca/,"Direct site observation: sells multiple books (The Wild & Free Garden, Regenerative Garden, Garden Alchemy) and paid courses via courses.gardentherapy.ca.",Y,C,https://www.gardentherapy.ca/,Direct site observation: dedicated course login portal at courses.gardentherapy.ca.,Y,C,https://www.gardentherapy.ca/,Direct site observation: weekly Substack-based newsletter delivery offered.,UNKNOWN,UNKNOWN,UNKNOWN,UNKNOWN,"No sitemap/index-count (or other automatable) content-scale proxy was collected during Study A Wave 001 research -- left UNKNOWN rather than backfill a guessed value, matching the A0 dataset's own precedent for this field."
simplifygardening.com,Simplify Gardening,Simplify Gardening,Gardening / Outdoor,UNKNOWN,2026-09-17,Mid-scale Active Site,UNKNOWN,Y,D,,"458,000+ YouTube subscribers (per direct site observation) and 19 published books indicate a large, established audience -- reasoned as a niche authority.",UNKNOWN,UNKNOWN,UNKNOWN,Actively promoting a new AI product (GrowTrack) with a free-trial funnel; no evidence of decline.,NOT_APPLICABLE,,2007,A,https://simplifygardening.com/,Operator direct statement: site notes 'Online since 2007. Rebranded as Simplify Gardening 2018.',UNKNOWN,UNKNOWN,CONTENT_ONLY,UNKNOWN,UNKNOWN,UNKNOWN,UNKNOWN,UNKNOWN,UNKNOWN,UNKNOWN,UNKNOWN,Similarweb page for this domain shows no visible Total Visits figure; left UNKNOWN rather than guess.,UNKNOWN,UNKNOWN,UNKNOWN,UNKNOWN,UNKNOWN,,UNKNOWN,UNKNOWN,UNKNOWN,,UNKNOWN,UNKNOWN,UNKNOWN,,Y,C,https://simplifygardening.com/,Direct site observation: sells 'GrowTrack' AI garden-planning subscription (14-day free trial) and 19 published books.,Y,C,https://simplifygardening.com/,Direct site observation: GrowTrack subscription functions as a paid ongoing product/service.,Y,C,https://simplifygardening.com/,Direct site observation: 'GreenThumb Digest' weekly newsletter.,UNKNOWN,UNKNOWN,UNKNOWN,UNKNOWN,"No sitemap/index-count (or other automatable) content-scale proxy was collected during Study A Wave 001 research -- left UNKNOWN rather than backfill a guessed value, matching the A0 dataset's own precedent for this field."
thesurvivalgardener.com,The Survival Gardener,The Survival Gardener,Gardening / Outdoor,UNKNOWN,2026-09-17,Narrow Niche Authority,LOW,Y,D,,"Author 'David The Good' operates a physical farm (Atmore Farm & Garden) alongside the blog, with multiple published books in the specific survival/off-grid gardening niche -- reasoned as a niche authority.",UNKNOWN,UNKNOWN,UNKNOWN,No evidence of decline found; site markets itself as actively human-authored ('NOT written by AI').,NOT_APPLICABLE,,2012,A,https://www.thesurvivalgardener.com/about/,"Operator direct statement: ""Back in August 2012 this site started as FloridaSurvivalGardening.com and rapidly grew in readership until it was obvious that just covering Florida wasn't enough.""",Similarweb,total visits,CONTENT_ONLY,39600,trailing_3_months,13200,"raw_3mo_total / 3, rounded to nearest integer",2026-09-17,Similarweb 'Total Visits Last 3 Months' snapshot; page accessed 2026-09-17,B,https://www.similarweb.com/website/thesurvivalgardener.com/,"Similarweb free-tier estimate (""Total Visits Last 3 Months""); exact reporting month varied by page and was not independently reconciled beyond the trailing-3-month framing, so no specific month is asserted.",UNKNOWN,UNKNOWN,UNKNOWN,UNKNOWN,UNKNOWN,,UNKNOWN,UNKNOWN,UNKNOWN,,Y,C,https://www.thesurvivalgardener.com/,Direct site observation: dedicated 'Recommended Books and Tools'/'Best Gardening Tools' resource pages steering to product recommendations.,Y,C,https://www.thesurvivalgardener.com/,"Direct site observation: sells consultations, hand-forged gardening tools, and multiple published books (Minimalist Gardening, The Independent Farmstead).",UNKNOWN,UNKNOWN,UNKNOWN,,Y,C,https://www.thesurvivalgardener.com/,Direct site observation: 'The Survival Gardener Newsletter' referenced directly in article notes.,UNKNOWN,UNKNOWN,UNKNOWN,UNKNOWN,"No sitemap/index-count (or other automatable) content-scale proxy was collected during Study A Wave 001 research -- left UNKNOWN rather than backfill a guessed value, matching the A0 dataset's own precedent for this field."
selfsufficientme.com,Self Sufficient Me,Self Sufficient Me,Gardening / Outdoor,UNKNOWN,2026-09-17,Narrow Niche Authority,LOW,Y,D,,2.37 million YouTube subscribers (per direct site observation) with a dedicated self-sufficiency/backyard-gardening niche -- reasoned as a strong niche authority despite the specific vertical.,UNKNOWN,UNKNOWN,UNKNOWN,Actively promoting a new AI coaching product (HomeGrow); no evidence of decline.,NOT_APPLICABLE,,2011,A,https://www.selfsufficientme.com/about/,"Operator direct statement: ""Self Sufficient Me was founded by Mark in 2011 and is a family run blog about sharing practical information on self-sufficiency.""",Similarweb,total visits,CONTENT_ONLY,27500,trailing_3_months,9167,"raw_3mo_total / 3, rounded to nearest integer",2026-09-17,Similarweb 'Total Visits Last 3 Months' snapshot; page accessed 2026-09-17,B,https://www.similarweb.com/website/selfsufficientme.com/,"Similarweb free-tier estimate (""Total Visits Last 3 Months""); exact reporting month varied by page and was not independently reconciled beyond the trailing-3-month framing, so no specific month is asserted.",UNKNOWN,UNKNOWN,UNKNOWN,UNKNOWN,UNKNOWN,,Y,C,https://selfsufficientme.com/,Direct site observation: Google Site Kit integration indicates display-ad placements.,Y,C,https://selfsufficientme.com/,"Direct site observation: extensive affiliate links with unique discount codes (e.g. 'SSMEbird', 'SSME10') for gardening products.",Y,C,https://selfsufficientme.com/,Direct site observation: branded shop (shop.selfsufficientme.com) and a published book ('100 Top Crops You Can Grow').,Y,C,https://selfsufficientme.com/,Direct site observation: paid 'HomeGrow' AI coaching app and a tiered Patreon membership with VIP mentoring at the top tier.,Y,C,https://selfsufficientme.com/,Direct site observation: email capture forms present.,UNKNOWN,UNKNOWN,UNKNOWN,UNKNOWN,"No sitemap/index-count (or other automatable) content-scale proxy was collected during Study A Wave 001 research -- left UNKNOWN rather than backfill a guessed value, matching the A0 dataset's own precedent for this field."
rootsimple.com,Root Simple,Root Simple,Gardening / Outdoor,UNKNOWN,2026-09-17,Contrast Cohort,LOW,Y,D,,"Two published books (one via Rodale) and a long operating history (Erik Knutzen and Kelly Coyne, urban homesteading niche) -- reasoned as an established niche authority, now in decline (see contrast fields).",Y,C,https://www.rootsimple.com/,"Direct site observation: only 5 posts found across the 9 months preceding the most recent post (May 30, 2026); the author explicitly acknowledges a 'long time' absence from posting in the January 2026 entry; archive pagination (757 pages) confirms a much higher historical output.",cadence_drop,"5 posts across Sept 2025-May 2026 vs. an extensive multi-year archive (757 pages) from the blog's earlier, much more active years.",UNKNOWN,UNKNOWN,UNKNOWN,"No explicit founding-year statement found on About page; earliest concrete date found was an about-page metadata timestamp (2012-01-18), which reflects when that PAGE was published, not when the blog started; left UNKNOWN rather than infer.",Similarweb,total visits,CONTENT_ONLY,28600,trailing_3_months,9533,"raw_3mo_total / 3, rounded to nearest integer",2026-09-17,Similarweb 'Total Visits Last 3 Months' snapshot; page accessed 2026-09-17,B,https://www.similarweb.com/website/rootsimple.com/,"Similarweb free-tier estimate (""Total Visits Last 3 Months""); exact reporting month varied by page and was not independently reconciled beyond the trailing-3-month framing, so no specific month is asserted.",UNKNOWN,UNKNOWN,UNKNOWN,UNKNOWN,UNKNOWN,,N,C,https://www.rootsimple.com/,Direct site observation: no traditional ad networks found on the page.,Y,C,https://www.rootsimple.com/,Direct site observation: explicit disclosure -- 'As an Amazon Associate I earn from qualifying purchases.',Y,C,https://www.rootsimple.com/,Direct site observation: two published books (The Urban Homestead; Making It: Radical Home Ec for a Post-Consumer World).,Y,C,https://www.rootsimple.com/,Direct site observation: Patreon and PayPal donation buttons in the sidebar.,UNKNOWN,UNKNOWN,UNKNOWN,,UNKNOWN,UNKNOWN,UNKNOWN,UNKNOWN,"No sitemap/index-count (or other automatable) content-scale proxy was collected during Study A Wave 001 research -- left UNKNOWN rather than backfill a guessed value, matching the A0 dataset's own precedent for this field."
yougrowgirl.com,You Grow Girl,You Grow Girl,Gardening / Outdoor,UNKNOWN,2026-09-17,Contrast Cohort,LOW,Y,D,,"Founding text of the DIY/urban-gardening blog genre (Gayla Trail, six published books, active since ~2000) -- reasoned as a historically significant niche authority, now dormant (see contrast fields).",Y,C,https://www.yougrowgirl.com/,"Direct site observation: most recent dated post references a book published February 1, 2022; no posts found from 2023-2026 despite a '(c)2026' copyright notice, indicating the blog itself has gone dormant while the founder remains active elsewhere (gaylatrail.com, Substack).",cadence_drop,Most recent dated post ~Feb 2022; no confirmed new posts through Sept 2026 (~4+ years).,2000,A,https://www.yougrowgirl.com/about/,"Operator direct statement: ""You Grow Girl(TM) was launched by Gayla Trail in February 2000.""",Similarweb,total visits,CONTENT_ONLY,15600,trailing_3_months,5200,"raw_3mo_total / 3, rounded to nearest integer",2026-09-17,Similarweb 'Total Visits Last 3 Months' snapshot; page accessed 2026-09-17,B,https://www.similarweb.com/website/yougrowgirl.com/,"Similarweb free-tier estimate (""Total Visits Last 3 Months""); exact reporting month varied by page and was not independently reconciled beyond the trailing-3-month framing, so no specific month is asserted.",UNKNOWN,UNKNOWN,UNKNOWN,UNKNOWN,UNKNOWN,,N,C,https://www.yougrowgirl.com/,Direct site observation: no ads or paywalls visible.,UNKNOWN,UNKNOWN,UNKNOWN,,Y,C,https://www.yougrowgirl.com/,"Direct site observation: six published books by founder Gayla Trail, promoted via a homepage banner; also a dedicated shop section.",UNKNOWN,UNKNOWN,UNKNOWN,,N,C,https://www.yougrowgirl.com/,Direct site observation: no newsletter signup form visible.,UNKNOWN,UNKNOWN,UNKNOWN,UNKNOWN,"No sitemap/index-count (or other automatable) content-scale proxy was collected during Study A Wave 001 research -- left UNKNOWN rather than backfill a guessed value, matching the A0 dataset's own precedent for this field."
coldclimategardening.com,Cold Climate Gardening,Cold Climate Gardening,Gardening / Outdoor,UNKNOWN,2026-09-17,Contrast Cohort,LOW,Y,D,,"Archive dates back to 2002 with continuous operation into 2025 -- a long-running, specific-niche (cold-climate/zone gardening) authority, now with reduced posting cadence (see contrast fields).",Y,C,https://www.coldclimategardening.com/,"Direct site observation: most recent post found dated February 19, 2025 (over a year before this research); posting frequency described as sporadic against a 2002-era archive baseline.",cadence_drop,Most recent post Feb 2025 (over a year stale as of Sept 2026) vs. a continuous archive since 2002.,2002,A,https://www.coldclimategardening.com/2012/08/27/cold-climate-gardening-is-ten-years-old-today/,"Operator direct statement in 10th-anniversary post: ""On this day in 2002, I wrote my first blog post.""",Similarweb,total visits,CONTENT_ONLY,7800,trailing_3_months,2600,"raw_3mo_total / 3, rounded to nearest integer",2026-09-17,Similarweb 'Total Visits Last 3 Months' snapshot; page accessed 2026-09-17,B,https://www.similarweb.com/website/coldclimategardening.com/,"Similarweb free-tier estimate (""Total Visits Last 3 Months""); exact reporting month varied by page and was not independently reconciled beyond the trailing-3-month framing, so no specific month is asserted.",UNKNOWN,UNKNOWN,UNKNOWN,UNKNOWN,UNKNOWN,,N,C,https://www.coldclimategardening.com/,Direct site observation: no banner ads or ad networks visible.,Y,C,https://www.coldclimategardening.com/,Direct site observation: Amazon affiliate links (amzn.to URLs) embedded in post content.,Y,C,https://www.coldclimategardening.com/,Direct site observation: promotes 'Buy Bixley's Book' for sale.,UNKNOWN,UNKNOWN,UNKNOWN,,Y,C,https://www.coldclimategardening.com/,Direct site observation: email capture form offering blog-post notifications/newsletter.,UNKNOWN,UNKNOWN,UNKNOWN,UNKNOWN,"No sitemap/index-count (or other automatable) content-scale proxy was collected during Study A Wave 001 research -- left UNKNOWN rather than backfill a guessed value, matching the A0 dataset's own precedent for this field."
techiedelight.com,Techie Delight,Techie Delight,Software / Tech Tutorials,UNKNOWN,2026-09-17,Large/Traffic Leader,LOW,Y,D,,Describes itself as 'a leading platform for technical interview preparation' with a large data-structures article collection and an integrated coding tool -- reasoned as a niche authority in the interview-prep sub-niche.,UNKNOWN,UNKNOWN,UNKNOWN,No evidence of decline found in this research pass.,NOT_APPLICABLE,,UNKNOWN,UNKNOWN,UNKNOWN,No founding-year statement found in available sources; left UNKNOWN.,Similarweb,total visits,CONTENT_ONLY,19900,trailing_3_months,6633,"raw_3mo_total / 3, rounded to nearest integer",2026-09-17,Similarweb 'Total Visits Last 3 Months' snapshot; page accessed 2026-09-17,B,https://www.similarweb.com/website/techiedelight.com/,"Similarweb free-tier estimate (""Total Visits Last 3 Months""); exact reporting month varied by page and was not independently reconciled beyond the trailing-3-month framing, so no specific month is asserted.",UNKNOWN,UNKNOWN,UNKNOWN,UNKNOWN,UNKNOWN,,UNKNOWN,UNKNOWN,UNKNOWN,,UNKNOWN,UNKNOWN,UNKNOWN,,Y,C,https://www.techiedelight.com/,Direct site observation: integrated online IDE and coding-problem repository ('a leading platform for technical interview preparation').,UNKNOWN,UNKNOWN,UNKNOWN,,UNKNOWN,UNKNOWN,UNKNOWN,,UNKNOWN,UNKNOWN,UNKNOWN,UNKNOWN,"No sitemap/index-count (or other automatable) content-scale proxy was collected during Study A Wave 001 research -- left UNKNOWN rather than backfill a guessed value, matching the A0 dataset's own precedent for this field."
reactgo.com,Reactgo,Reactgo,Software / Tech Tutorials,UNKNOWN,2026-09-17,Mid-scale Active Site,LOW,N,D,,"Single-author (Sai Gowtham) JavaScript-framework tutorial site; no distinguishing scale/authority signal (e.g. large following, published book) was confirmed in this research pass.",UNKNOWN,UNKNOWN,UNKNOWN,No evidence of decline found.,NOT_APPLICABLE,,UNKNOWN,UNKNOWN,UNKNOWN,No founding-year statement found in available sources; left UNKNOWN.,Similarweb,total visits,CONTENT_ONLY,8600,trailing_3_months,2867,"raw_3mo_total / 3, rounded to nearest integer",2026-09-17,Similarweb 'Total Visits Last 3 Months' snapshot; page accessed 2026-09-17,B,https://www.similarweb.com/website/reactgo.com/,"Similarweb free-tier estimate (""Total Visits Last 3 Months""); exact reporting month varied by page and was not independently reconciled beyond the trailing-3-month framing, so no specific month is asserted.",UNKNOWN,UNKNOWN,UNKNOWN,UNKNOWN,UNKNOWN,,Y,C,https://reactgo.com/,Direct site observation: 'Become a Sponsor' page offering paid ad placement to the audience.,Y,C,https://reactgo.com/,Direct site observation: dedicated 'Affiliate Disclosure' page linked in the footer.,N,C,https://reactgo.com/,Direct site observation: no owned course/product found; monetizes via sponsorship and affiliate links on tutorial/roundup content instead.,N,C,https://reactgo.com/,Direct site observation: no paid community found.,Y,C,https://reactgo.com/,Direct site observation: email signup CTA 'Get my latest tutorials.',UNKNOWN,UNKNOWN,UNKNOWN,UNKNOWN,"No sitemap/index-count (or other automatable) content-scale proxy was collected during Study A Wave 001 research -- left UNKNOWN rather than backfill a guessed value, matching the A0 dataset's own precedent for this field."
ezzylearning.net,EzzyLearning.net,EzzyLearning.net,Software / Tech Tutorials,UNKNOWN,2026-09-17,Mid-scale Active Site,UNKNOWN,N,D,,Focused .NET/ASP.NET/Blazor tutorial site with an associated YouTube channel; no distinguishing scale/authority signal was confirmed in this research pass.,UNKNOWN,UNKNOWN,UNKNOWN,No evidence of decline found.,NOT_APPLICABLE,,2005,A,https://www.ezzylearning.net/our-story,"Operator direct statement: ""EzzyLearning.net was founded in the summer of 2005 with a mission to provide programmers and developers an online website where they can find tutorials about the latest tools and technologies.""",UNKNOWN,UNKNOWN,CONTENT_ONLY,UNKNOWN,UNKNOWN,UNKNOWN,UNKNOWN,UNKNOWN,UNKNOWN,UNKNOWN,UNKNOWN,Similarweb page for this domain shows no visible Total Visits figure (chart area empty/gated); left UNKNOWN.,UNKNOWN,UNKNOWN,UNKNOWN,UNKNOWN,UNKNOWN,,UNKNOWN,UNKNOWN,UNKNOWN,"note: footer has an 'Advertise' link, suggesting ad sales, but no ad network was directly observed rendering on the fetched homepage excerpt.",UNKNOWN,UNKNOWN,UNKNOWN,,N,C,https://www.ezzylearning.net/,"Direct site observation: content is free tutorials/cheat sheets (ASP.NET Core, Blazor, C#, Docker); no paid product found.",N,C,https://www.ezzylearning.net/,Direct site observation: no paid community found; YouTube channel (@ezzylearningofficial) is free.,Y,C,https://www.ezzylearning.net/,Direct site observation: email subscription CTA for regular post updates.,UNKNOWN,UNKNOWN,UNKNOWN,UNKNOWN,"No sitemap/index-count (or other automatable) content-scale proxy was collected during Study A Wave 001 research -- left UNKNOWN rather than backfill a guessed value, matching the A0 dataset's own precedent for this field."
code4it.dev,Code4IT,Code4IT,Software / Tech Tutorials,UNKNOWN,2026-09-17,Mid-scale Active Site,LOW,N,D,,Single-author (Davide Bellone) .NET/Azure/backend tutorial blog; no distinguishing scale/authority signal was confirmed on the fetched homepage.,UNKNOWN,UNKNOWN,UNKNOWN,"Copyright footer reads '(c) 2026 by Davide Bellone', consistent with ongoing operation; no evidence of decline.",NOT_APPLICABLE,,UNKNOWN,UNKNOWN,UNKNOWN,"About page found but contains no founding-year statement (only its own 2021 publish metadata, which is not the blog's start date); left UNKNOWN.",Similarweb,total visits,CONTENT_ONLY,15600,trailing_3_months,5200,"raw_3mo_total / 3, rounded to nearest integer",2026-09-17,Similarweb 'Total Visits Last 3 Months' snapshot; page accessed 2026-09-17,B,https://www.similarweb.com/website/code4it.dev/,"Similarweb free-tier estimate (""Total Visits Last 3 Months""); exact reporting month varied by page and was not independently reconciled beyond the trailing-3-month framing, so no specific month is asserted.",UNKNOWN,UNKNOWN,UNKNOWN,UNKNOWN,UNKNOWN,,UNKNOWN,UNKNOWN,UNKNOWN,,UNKNOWN,UNKNOWN,UNKNOWN,,UNKNOWN,UNKNOWN,UNKNOWN,,UNKNOWN,UNKNOWN,UNKNOWN,,UNKNOWN,UNKNOWN,UNKNOWN,,UNKNOWN,UNKNOWN,UNKNOWN,UNKNOWN,"No sitemap/index-count (or other automatable) content-scale proxy was collected during Study A Wave 001 research -- left UNKNOWN rather than backfill a guessed value, matching the A0 dataset's own precedent for this field."
tyrrrz.me,Tyrrrz (Oleksii Holub),Tyrrrz (Oleksii Holub),Software / Tech Tutorials,UNKNOWN,2026-09-17,Mid-scale Active Site,LOW,N,D,,"Personal developer portfolio/blog (open-source maintainer, consultant); respected in its community but no independent scale evidence (readership numbers, book, etc.) was found in this research pass.",UNKNOWN,UNKNOWN,UNKNOWN,No evidence of decline found.,NOT_APPLICABLE,,UNKNOWN,UNKNOWN,UNKNOWN,About page not reachable (404); no founding-year statement found elsewhere; left UNKNOWN.,Similarweb,total visits,CONTENT_ONLY,15800,trailing_3_months,5267,"raw_3mo_total / 3, rounded to nearest integer",2026-09-17,Similarweb 'Total Visits Last 3 Months' snapshot; page accessed 2026-09-17,B,https://www.similarweb.com/website/tyrrrz.me/,"Similarweb free-tier estimate (""Total Visits Last 3 Months""); exact reporting month varied by page and was not independently reconciled beyond the trailing-3-month framing, so no specific month is asserted.",UNKNOWN,UNKNOWN,UNKNOWN,UNKNOWN,UNKNOWN,,N,C,https://tyrrrz.me/,Direct site observation: no display ads visible; site presents as a personal/professional portfolio.,N,C,https://tyrrrz.me/,Direct site observation: no affiliate links or disclosures found.,N,C,https://tyrrrz.me/,Direct site observation: no owned product/course found; a 'donate' link and open-source maintenance are the closest revenue signals.,N,C,https://tyrrrz.me/,Direct site observation: no paid community found.,UNKNOWN,UNKNOWN,UNKNOWN,,UNKNOWN,UNKNOWN,UNKNOWN,UNKNOWN,"No sitemap/index-count (or other automatable) content-scale proxy was collected during Study A Wave 001 research -- left UNKNOWN rather than backfill a guessed value, matching the A0 dataset's own precedent for this field."
jeremykun.com,Jeremy Kun,Jeremy Kun,Software / Tech Tutorials,UNKNOWN,2026-09-17,Narrow Niche Authority,LOW,Y,D,,Published author ('Practical Math for Programmers') with a decade-plus archive (posts referenced back to 2013) and active 2026 posting -- reasoned as a niche authority in the programming-math education niche.,UNKNOWN,UNKNOWN,UNKNOWN,"Direct observation confirmed consistent, moderate publishing frequency through 2026; no decline found.",NOT_APPLICABLE,,UNKNOWN,UNKNOWN,UNKNOWN,About page found but contains no founding-year statement; left UNKNOWN.,Similarweb,total visits,CONTENT_ONLY,23300,trailing_3_months,7767,"raw_3mo_total / 3, rounded to nearest integer",2026-09-17,Similarweb 'Total Visits Last 3 Months' snapshot; page accessed 2026-09-17,B,https://www.similarweb.com/website/jeremykun.com/,"Similarweb free-tier estimate (""Total Visits Last 3 Months""); exact reporting month varied by page and was not independently reconciled beyond the trailing-3-month framing, so no specific month is asserted.",UNKNOWN,UNKNOWN,UNKNOWN,UNKNOWN,UNKNOWN,,N,C,https://jeremykun.com/,Direct site observation: no ads or affiliate promotions visible.,N,C,https://jeremykun.com/,Direct site observation: no affiliate links found.,Y,C,https://jeremykun.com/,Direct site observation: promotes his book 'Practical Math for Programmers' with a mailing-list signup for future books.,UNKNOWN,UNKNOWN,UNKNOWN,,Y,C,https://jeremykun.com/,Direct site observation: Buttondown email newsletter signup.,UNKNOWN,UNKNOWN,UNKNOWN,UNKNOWN,"No sitemap/index-count (or other automatable) content-scale proxy was collected during Study A Wave 001 research -- left UNKNOWN rather than backfill a guessed value, matching the A0 dataset's own precedent for this field."
thegreenplace.net,Eli Bendersky's website,Eli Bendersky's website,Software / Tech Tutorials,UNKNOWN,2026-09-17,Narrow Niche Authority,MID,Y,D,,23-year continuous archive (since 2003) with a steady ~1 post every 1-2 weeks through Aug 2026 (directly observed) -- reasoned as an established individual technical-writing authority.,UNKNOWN,UNKNOWN,UNKNOWN,"Direct observation confirmed steady, undiminished posting cadence through August 2026 -- explicitly NOT classified as a contrast case despite originally being planned as one; the evidence did not support it.",NOT_APPLICABLE,,2003,A,https://eli.thegreenplace.net/,Operator direct statement: copyright notice indicates the site has been active since 2003.,Similarweb,total visits,CONTENT_ONLY,63800,trailing_3_months,21267,"raw_3mo_total / 3, rounded to nearest integer",2026-09-17,Similarweb 'Total Visits Last 3 Months' snapshot; page accessed 2026-09-17,B,https://www.similarweb.com/website/thegreenplace.net/,"Similarweb free-tier estimate (""Total Visits Last 3 Months""); exact reporting month varied by page and was not independently reconciled beyond the trailing-3-month framing, so no specific month is asserted.",UNKNOWN,UNKNOWN,UNKNOWN,UNKNOWN,UNKNOWN,,N,C,https://eli.thegreenplace.net/,"Direct site observation: no ads, sponsored content, affiliate links, or paywalls visible.",N,C,https://eli.thegreenplace.net/,Direct site observation: none found.,N,C,https://eli.thegreenplace.net/,Direct site observation: no owned product/course; purely a personal technical-writing blog.,N,C,https://eli.thegreenplace.net/,Direct site observation: none found.,N,C,https://eli.thegreenplace.net/,Direct site observation: no newsletter signup found.,UNKNOWN,UNKNOWN,UNKNOWN,UNKNOWN,"No sitemap/index-count (or other automatable) content-scale proxy was collected during Study A Wave 001 research -- left UNKNOWN rather than backfill a guessed value, matching the A0 dataset's own precedent for this field."
davidwalsh.name,David Walsh Blog,David Walsh Blog,Software / Tech Tutorials,UNKNOWN,2026-09-17,Narrow Niche Authority,LOW,Y,D,,Long-running (copyright '2007-2026' per direct observation) JavaScript/web-development blog with continued new content as recently as November 2025 -- reasoned as an established niche authority.,UNKNOWN,UNKNOWN,UNKNOWN,"Direct observation found a post dated November 19, 2025 with no memorial/discontinuation notice -- explicitly NOT classified as a contrast case, despite originally being planned as one on the assumption of author-related decline; the direct evidence contradicted that assumption, so it was dropped rather than forced.",NOT_APPLICABLE,,UNKNOWN,UNKNOWN,UNKNOWN,No founding-year statement found in available sources; left UNKNOWN.,Similarweb,total visits,CONTENT_ONLY,55200,trailing_3_months,18400,"raw_3mo_total / 3, rounded to nearest integer",2026-09-17,Similarweb 'Total Visits Last 3 Months' snapshot; page accessed 2026-09-17,B,https://www.similarweb.com/website/davidwalsh.name/,"Similarweb free-tier estimate (""Total Visits Last 3 Months""); exact reporting month varied by page and was not independently reconciled beyond the trailing-3-month framing, so no specific month is asserted.",UNKNOWN,UNKNOWN,UNKNOWN,UNKNOWN,UNKNOWN,,Y,C,https://davidwalsh.name/,Direct site observation: banner ad placements from Request Metrics (728x90 and 300x250 sizes) visible.,Y,C,https://davidwalsh.name/,Direct site observation: affiliate-style links/parameters to services including Cloudinary and RetroMetrics.,UNKNOWN,UNKNOWN,UNKNOWN,,UNKNOWN,UNKNOWN,UNKNOWN,,UNKNOWN,UNKNOWN,UNKNOWN,,UNKNOWN,UNKNOWN,UNKNOWN,UNKNOWN,"No sitemap/index-count (or other automatable) content-scale proxy was collected during Study A Wave 001 research -- left UNKNOWN rather than backfill a guessed value, matching the A0 dataset's own precedent for this field."
codinghorror.com,Coding Horror,Coding Horror,Software / Tech Tutorials,UNKNOWN,2026-09-17,Contrast Cohort,MID,Y,D,,"Jeff Atwood's blog, one of the most historically influential individual programming blogs (directly credited in this research with founding Stack Overflow and Discourse) -- reasoned as a major niche authority, now with a much-reduced posting cadence (see contrast fields).",Y,C,https://blog.codinghorror.com/,"Direct site observation: posting frequency dropped dramatically after the 2008-2010 period when the author founded Stack Overflow and Discourse; recent years show infrequent, irregular posting (e.g. 2026 posts in April, June, and August only) versus the near-daily cadence of the mid-2000s.",cadence_drop,Dramatic cadence drop beginning circa 2008-2010 (Stack Overflow/Discourse founding) through the present (3 posts across Apr-Aug 2026).,2004,A,https://blog.codinghorror.com/about-me/,"Operator direct statement: ""In 2004 I began this blog."" (Jeff Atwood)",Similarweb,total visits,CONTENT_ONLY,148500,trailing_3_months,49500,"raw_3mo_total / 3, rounded to nearest integer",2026-09-17,Similarweb 'Total Visits Last 3 Months' snapshot; page accessed 2026-09-17,B,https://www.similarweb.com/website/codinghorror.com/,"Similarweb free-tier estimate (""Total Visits Last 3 Months""); exact reporting month varied by page and was not independently reconciled beyond the trailing-3-month framing, so no specific month is asserted.",UNKNOWN,UNKNOWN,UNKNOWN,UNKNOWN,UNKNOWN,,N,C,https://blog.codinghorror.com/,Direct site observation: no advertisements visible; site runs on the Ghost platform.,UNKNOWN,UNKNOWN,UNKNOWN,,Y,C,https://blog.codinghorror.com/,Direct site observation: 'Own a Coding Horror' merchandise shop link.,UNKNOWN,UNKNOWN,UNKNOWN,,UNKNOWN,UNKNOWN,UNKNOWN,,UNKNOWN,UNKNOWN,UNKNOWN,UNKNOWN,"No sitemap/index-count (or other automatable) content-scale proxy was collected during Study A Wave 001 research -- left UNKNOWN rather than backfill a guessed value, matching the A0 dataset's own precedent for this field."
henrikwarne.com,Henrik Warne's blog,Henrik Warne's blog,Software / Tech Tutorials,UNKNOWN,2026-09-17,Contrast Cohort,LOW,Y,D,,"15+ years of substantive technical essays with sustained reader engagement (comments spanning that period, per direct observation) -- reasoned as a niche authority, now posting far less often (see contrast fields).",Y,C,https://henrikwarne.com/,"Direct site observation: 2011-2016 showed frequent (multiple/month) posting on topics like unit testing; 2024-2026 output has slowed to roughly one substantive post every 2-4 months, per direct comparison of the visible post history.",cadence_drop,"Multiple posts/month (2011-2016) down to ~1 post per 2-4 months (2024-2026), per direct site observation.",2011,A,https://henrikwarne.com/2017/11/26/6-years-of-thoughts-on-programming/,"Operator direct statement in anniversary post (published Nov 26, 2017): ""It is now more than 6 years since I started blogging about software development."" -> blog start ~2011.",Similarweb,total visits,CONTENT_ONLY,4900,trailing_3_months,1633,"raw_3mo_total / 3, rounded to nearest integer",2026-09-17,Similarweb 'Total Visits Last 3 Months' snapshot; page accessed 2026-09-17,B,https://www.similarweb.com/website/henrikwarne.com/,"Similarweb free-tier estimate (""Total Visits Last 3 Months""); exact reporting month varied by page and was not independently reconciled beyond the trailing-3-month framing, so no specific month is asserted.",UNKNOWN,UNKNOWN,UNKNOWN,UNKNOWN,UNKNOWN,,N,C,https://henrikwarne.com/,"Direct site observation: free, ad-free WordPress.com-hosted blog with no display advertising.",N,C,https://henrikwarne.com/,Direct site observation: no affiliate links found.,N,C,https://henrikwarne.com/,Direct site observation: no owned product/course.,N,C,https://henrikwarne.com/,Direct site observation: no paid community.,Y,C,https://henrikwarne.com/,Direct site observation: WordPress.com email-subscription widget ('Join 406 other subscribers').,UNKNOWN,UNKNOWN,UNKNOWN,UNKNOWN,"No sitemap/index-count (or other automatable) content-scale proxy was collected during Study A Wave 001 research -- left UNKNOWN rather than backfill a guessed value, matching the A0 dataset's own precedent for this field."
bemytravelmuse.com,Be My Travel Muse,Be My Travel Muse,Travel,UNKNOWN,2026-09-17,Large/Traffic Leader,MID,Y,D,,Established solo-female-travel authority with a 'partners' brand-collaboration section and its own tours brand -- reasoned as a niche authority.,UNKNOWN,UNKNOWN,UNKNOWN,No evidence of decline found; actively promoting tours and partnerships.,NOT_APPLICABLE,,2012,A,https://www.bemytravelmuse.com/about/,"Operator direct statement: ""I started Be My Travel Muse in September 2012 right after leaving a corporate job in California and buying a one-way ticket to Bangkok.""",Similarweb,total visits,CONTENT_ONLY,190700,trailing_3_months,63567,"raw_3mo_total / 3, rounded to nearest integer",2026-09-17,Similarweb 'Total Visits Last 3 Months' snapshot; page accessed 2026-09-17,B,https://www.similarweb.com/website/bemytravelmuse.com/,"Similarweb free-tier estimate (""Total Visits Last 3 Months""); exact reporting month varied by page and was not independently reconciled beyond the trailing-3-month framing, so no specific month is asserted.",UNKNOWN,UNKNOWN,UNKNOWN,UNKNOWN,UNKNOWN,,UNKNOWN,UNKNOWN,UNKNOWN,,Y,C,https://bemytravelmuse.com/,"Direct site observation: extensive product reviews/comparisons (luggage, backpacks, booking platforms) typical of affiliate-driven gear content.",Y,C,https://bemytravelmuse.com/,Direct site observation: 'Tours' menu links to a dedicated tours brand (bmtmadventures.com).,UNKNOWN,UNKNOWN,UNKNOWN,,Y,C,https://bemytravelmuse.com/,Direct site observation: weekly newsletter CTA ('insider knowledge of the best travel deals and miles and points building tips').,UNKNOWN,UNKNOWN,UNKNOWN,UNKNOWN,"No sitemap/index-count (or other automatable) content-scale proxy was collected during Study A Wave 001 research -- left UNKNOWN rather than backfill a guessed value, matching the A0 dataset's own precedent for this field."
findingtheuniverse.com,Finding the Universe,Finding the Universe,Travel,UNKNOWN,2026-09-17,Large/Traffic Leader,MID,Y,D,,"Runs a paid photography course with 2,500+ claimed students (per direct observation) plus a dedicated photo-licensing shop -- reasoned as a niche authority in travel photography.",UNKNOWN,UNKNOWN,UNKNOWN,No evidence of decline found; course actively promoted.,NOT_APPLICABLE,,2010,A,https://www.findingtheuniverse.com/about-me/,"Operator direct statement: ""This blog was started in May 2010 as a way to catalog his experiences and share his photos.""",Similarweb,total visits,CONTENT_ONLY,202700,trailing_3_months,67567,"raw_3mo_total / 3, rounded to nearest integer",2026-09-17,Similarweb 'Total Visits Last 3 Months' snapshot; page accessed 2026-09-17,B,https://www.similarweb.com/website/findingtheuniverse.com/,"Similarweb free-tier estimate (""Total Visits Last 3 Months""); exact reporting month varied by page and was not independently reconciled beyond the trailing-3-month framing, so no specific month is asserted.",UNKNOWN,UNKNOWN,UNKNOWN,UNKNOWN,UNKNOWN,,UNKNOWN,UNKNOWN,UNKNOWN,,Y,C,https://www.findingtheuniverse.com/,Direct site observation: numerous booking-site/gear recommendations and a 'Hire Us'/advertising page.,Y,C,https://www.findingtheuniverse.com/,"Direct site observation: sells a travel-photography course (travelphotographycourse.com) described as having 'over 2,500 other students.'",Y,C,https://www.findingtheuniverse.com/,Direct site observation: the photography course includes an 'exclusive membership of the course facebook community.',Y,C,https://www.findingtheuniverse.com/,Direct site observation: 'exclusive giveaways for newsletter subscribers.',UNKNOWN,UNKNOWN,UNKNOWN,UNKNOWN,"No sitemap/index-count (or other automatable) content-scale proxy was collected during Study A Wave 001 research -- left UNKNOWN rather than backfill a guessed value, matching the A0 dataset's own precedent for this field."
atlasandboots.com,Atlas & Boots,Atlas & Boots,Travel,UNKNOWN,2026-09-17,Mid-scale Active Site,MID,Y,D,,"Site claims to be 'read by over 250,000 people a month' (per direct observation) across treks, wildlife, and gear content -- reasoned as a niche authority.",UNKNOWN,UNKNOWN,UNKNOWN,No evidence of decline found.,NOT_APPLICABLE,,UNKNOWN,UNKNOWN,UNKNOWN,About/Meet the Founders pages found but contain no explicit founding-year statement; left UNKNOWN rather than infer.,Similarweb,total visits,CONTENT_ONLY,73600,trailing_3_months,24533,"raw_3mo_total / 3, rounded to nearest integer",2026-09-17,Similarweb 'Total Visits Last 3 Months' snapshot; page accessed 2026-09-17,B,https://www.similarweb.com/website/atlasandboots.com/,"Similarweb free-tier estimate (""Total Visits Last 3 Months""); exact reporting month varied by page and was not independently reconciled beyond the trailing-3-month framing, so no specific month is asserted.",UNKNOWN,UNKNOWN,UNKNOWN,UNKNOWN,UNKNOWN,,Y,C,https://www.atlasandboots.com/,Direct site observation: site references a media kit/advertise section in the footer.,Y,C,https://www.atlasandboots.com/,Direct site observation: gear-guide articles (e.g. 'How to choose a down jacket') typical of affiliate-monetized buying guides.,Y,C,https://www.atlasandboots.com/,Direct site observation: co-founder Kia Abdullah's novels are cross-promoted under a 'Great reads' section.,UNKNOWN,UNKNOWN,UNKNOWN,,Y,C,https://www.atlasandboots.com/,Direct site observation: email-capture popup observed.,UNKNOWN,UNKNOWN,UNKNOWN,UNKNOWN,"No sitemap/index-count (or other automatable) content-scale proxy was collected during Study A Wave 001 research -- left UNKNOWN rather than backfill a guessed value, matching the A0 dataset's own precedent for this field."
indietraveller.co,Indie Traveller,Indie Traveller,Travel,UNKNOWN,2026-09-17,Mid-scale Active Site,MID,N,D,,"Content-focused solo travel blog with video/vlog content; no independent scale signal (large audience, product, press) was confirmed in this research pass.",UNKNOWN,UNKNOWN,UNKNOWN,No evidence of decline found.,NOT_APPLICABLE,,2012,A,https://www.indietraveller.co/about/,"Operator direct statement: ""I started Indie Traveller in 2012 when I first headed off on my long-term travels."" (Marek Bron)",Similarweb,total visits,CONTENT_ONLY,474900,trailing_3_months,158300,"raw_3mo_total / 3, rounded to nearest integer",2026-09-17,Similarweb 'Total Visits Last 3 Months' snapshot; page accessed 2026-09-17,B,https://www.similarweb.com/website/indietraveller.co/,"Similarweb free-tier estimate (""Total Visits Last 3 Months""); exact reporting month varied by page and was not independently reconciled beyond the trailing-3-month framing, so no specific month is asserted.",UNKNOWN,UNKNOWN,UNKNOWN,UNKNOWN,UNKNOWN,,UNKNOWN,UNKNOWN,UNKNOWN,,Y,C,https://indietraveller.co/,Direct site observation: an article explicitly discusses 'How DOES a Travel Blog Actually Make Money?' referencing Travelpayouts affiliate partnerships.,N,C,https://indietraveller.co/,Direct site observation: no paid course/e-book found; content-plus-affiliate model instead.,N,C,https://indietraveller.co/,Direct site observation: no paid community found.,UNKNOWN,UNKNOWN,UNKNOWN,,UNKNOWN,UNKNOWN,UNKNOWN,UNKNOWN,"No sitemap/index-count (or other automatable) content-scale proxy was collected during Study A Wave 001 research -- left UNKNOWN rather than backfill a guessed value, matching the A0 dataset's own precedent for this field."
stingynomads.com,Stingy Nomads,Stingy Nomads,Travel,UNKNOWN,2026-09-17,Mid-scale Active Site,MID,Y,D,,Specific Camino de Santiago hiking-travel niche with its own planner app and shop -- reasoned as a niche authority in a narrow sub-vertical of travel.,UNKNOWN,UNKNOWN,UNKNOWN,No evidence of decline found.,NOT_APPLICABLE,,UNKNOWN,UNKNOWN,UNKNOWN,"Page found gives only relative language (""traveling together for 9 years"" as of an Oct 2021 page), which conflates travel start with blog start and is not a direct founding-year statement; left UNKNOWN.",Similarweb,total visits,CONTENT_ONLY,121100,trailing_3_months,40367,"raw_3mo_total / 3, rounded to nearest integer",2026-09-17,Similarweb 'Total Visits Last 3 Months' snapshot; page accessed 2026-09-17,B,https://www.similarweb.com/website/stingynomads.com/,"Similarweb free-tier estimate (""Total Visits Last 3 Months""); exact reporting month varied by page and was not independently reconciled beyond the trailing-3-month framing, so no specific month is asserted.",UNKNOWN,UNKNOWN,UNKNOWN,UNKNOWN,UNKNOWN,,Y,C,https://stingynomads.com/,Direct site observation: third-party ad-network imagery/placements visible.,Y,C,https://stingynomads.com/,Direct site observation: explicit disclosure -- participation in 'the Amazon Services LLC Associates Program and several other affiliate programs.',Y,C,https://stingynomads.com/,Direct site observation: 'CAMINO SHOP' branded merchandise and a proprietary Camino de Santiago planner app.,UNKNOWN,UNKNOWN,UNKNOWN,,Y,C,https://stingynomads.com/,Direct site observation: 'JOIN THE ADVENTURE!' newsletter signup section.,UNKNOWN,UNKNOWN,UNKNOWN,UNKNOWN,"No sitemap/index-count (or other automatable) content-scale proxy was collected during Study A Wave 001 research -- left UNKNOWN rather than backfill a guessed value, matching the A0 dataset's own precedent for this field."
neverendingfootsteps.com,Never Ending Footsteps,Never Ending Footsteps,Travel,UNKNOWN,2026-09-17,Narrow Niche Authority,MID,Y,D,,"Founder (Lauren) explicitly states she 'pay[s] for all my travels myself, don't take sponsored trips' (per direct site observation), positioning the site as an independent long-term-travel authority; specific monetization mechanism could not be confirmed from the homepage alone.",UNKNOWN,UNKNOWN,UNKNOWN,No evidence of decline found (though monetization details were not directly confirmed).,NOT_APPLICABLE,,UNKNOWN,UNKNOWN,UNKNOWN,About page gives only relative/indirect timeline hints (no explicit stated founding year); left UNKNOWN rather than infer.,Similarweb,total visits,CONTENT_ONLY,364500,trailing_3_months,121500,"raw_3mo_total / 3, rounded to nearest integer",2026-09-17,Similarweb 'Total Visits Last 3 Months' snapshot; page accessed 2026-09-17,B,https://www.similarweb.com/website/neverendingfootsteps.com/,"Similarweb free-tier estimate (""Total Visits Last 3 Months""); exact reporting month varied by page and was not independently reconciled beyond the trailing-3-month framing, so no specific month is asserted.",UNKNOWN,UNKNOWN,UNKNOWN,UNKNOWN,UNKNOWN,,UNKNOWN,UNKNOWN,UNKNOWN,,UNKNOWN,UNKNOWN,UNKNOWN,,UNKNOWN,UNKNOWN,UNKNOWN,,UNKNOWN,UNKNOWN,UNKNOWN,,UNKNOWN,UNKNOWN,UNKNOWN,,UNKNOWN,UNKNOWN,UNKNOWN,UNKNOWN,"No sitemap/index-count (or other automatable) content-scale proxy was collected during Study A Wave 001 research -- left UNKNOWN rather than backfill a guessed value, matching the A0 dataset's own precedent for this field."
nomadasaurus.com,NOMADasaurus,NOMADasaurus,Travel,UNKNOWN,2026-09-17,Narrow Niche Authority,MID,Y,D,,Runs a branded adventure-tours business alongside the blog (per direct observation) -- reasoned as a niche authority in adventure travel.,UNKNOWN,UNKNOWN,UNKNOWN,No evidence of decline found.,NOT_APPLICABLE,,2013,A,https://www.nomadasaurus.com/about/,"Operator direct statement: ""In October 2013 we decided that we would start a travel blog and came up with the name 'NOMADasaurus'.""",Similarweb,total visits,CONTENT_ONLY,90100,trailing_3_months,30033,"raw_3mo_total / 3, rounded to nearest integer",2026-09-17,Similarweb 'Total Visits Last 3 Months' snapshot; page accessed 2026-09-17,B,https://www.similarweb.com/website/nomadasaurus.com/,"Similarweb free-tier estimate (""Total Visits Last 3 Months""); exact reporting month varied by page and was not independently reconciled beyond the trailing-3-month framing, so no specific month is asserted.",UNKNOWN,UNKNOWN,UNKNOWN,UNKNOWN,UNKNOWN,,Y,C,https://nomadasaurus.com/,Direct site observation: Google Tag Manager plus Bing Webmaster verification tags indicate programmatic ad integration.,Y,C,https://nomadasaurus.com/,"Direct site observation: 'in-depth, honest gear reviews' across backpacks, cameras, camping equipment typical of affiliate-monetized buying guides.",Y,C,https://nomadasaurus.com/,Direct site observation: operates 'NOMADasaurus Adventure Tours' as a branded group-tour product.,UNKNOWN,UNKNOWN,UNKNOWN,,UNKNOWN,UNKNOWN,UNKNOWN,,UNKNOWN,UNKNOWN,UNKNOWN,UNKNOWN,"No sitemap/index-count (or other automatable) content-scale proxy was collected during Study A Wave 001 research -- left UNKNOWN rather than backfill a guessed value, matching the A0 dataset's own precedent for this field."
breathedreamgo.com,Breathe Dream Go,Breathe Dream Go,Travel,UNKNOWN,2026-09-17,Narrow Niche Authority,LOW,Y,D,,Specific India/South Asia travel niche with a dedicated custom-tours product and a media kit for brand partnerships -- reasoned as a niche authority in a narrow geographic sub-vertical.,UNKNOWN,UNKNOWN,UNKNOWN,No evidence of decline found.,NOT_APPLICABLE,,2009,A,https://breathedreamgo.com/celebrating-six-years-of-breathedreamgo/,"Operator direct statement in anniversary post (published Aug 23, 2015, ""the 6th anniversary of Breathedreamgo""): the blog ""was launched on Ganesh Chaturthi 2009.""",Similarweb,total visits,CONTENT_ONLY,26700,trailing_3_months,8900,"raw_3mo_total / 3, rounded to nearest integer",2026-09-17,Similarweb 'Total Visits Last 3 Months' snapshot; page accessed 2026-09-17,B,https://www.similarweb.com/website/breathedreamgo.com/,"Similarweb free-tier estimate (""Total Visits Last 3 Months""); exact reporting month varied by page and was not independently reconciled beyond the trailing-3-month framing, so no specific month is asserted.",UNKNOWN,UNKNOWN,UNKNOWN,UNKNOWN,UNKNOWN,,UNKNOWN,UNKNOWN,UNKNOWN,,UNKNOWN,UNKNOWN,UNKNOWN,"note: a Disclosure and Privacy Policy page is linked, implying affiliate disclosures exist, but the specific affiliate relationships were not directly observed in this research pass.",Y,C,https://breathedreamgo.com/,Direct site observation: 'India for Beginners' custom tours product.,N,C,https://breathedreamgo.com/,Direct site observation: no paid community found; tours and media partnerships are the closest owned-product signal.,Y,C,https://breathedreamgo.com/,Direct site observation: newsletter CTA ('inspiration to live your travel dreams') in multiple locations.,UNKNOWN,UNKNOWN,UNKNOWN,UNKNOWN,"No sitemap/index-count (or other automatable) content-scale proxy was collected during Study A Wave 001 research -- left UNKNOWN rather than backfill a guessed value, matching the A0 dataset's own precedent for this field."
legalnomads.com,Legal Nomads,Legal Nomads,Travel,UNKNOWN,2026-09-17,Contrast Cohort,MID,Y,D,,"Long-established solo travel-writing authority (Jodi Ettenberg) with published food-focused travel writing and a dedicated readership -- reasoned as a niche authority, now with a fundamentally changed focus (see contrast fields).",Y,A,https://www.legalnomads.com/,"Operator direct statement: 'In 2017, a lumbar puncture derailed my life when it left me with a chronic spinal CSF leak, and disabled. Though my travels ground to a halt as a result, Legal Nomads remains a place to share lessons from the road' and 'With my CSF leak, I cannot work as I used to.'",historically_declined,Chronic illness (CSF leak) since 2017 permanently reduced travel/output; operator's own account confirms 'travels ground to a halt.',2008,A,https://www.legalnomads.com/blog/,"Operator direct statement: ""All of the blog posts from Legal Nomads since I started the site in 2008."" (Jodi Ettenberg)",Similarweb,total visits,CONTENT_ONLY,115200,trailing_3_months,38400,"raw_3mo_total / 3, rounded to nearest integer",2026-09-17,Similarweb 'Total Visits Last 3 Months' snapshot; page accessed 2026-09-17,B,https://www.similarweb.com/website/legalnomads.com/,"Similarweb free-tier estimate (""Total Visits Last 3 Months""); exact reporting month varied by page and was not independently reconciled beyond the trailing-3-month framing, so no specific month is asserted.",UNKNOWN,UNKNOWN,UNKNOWN,UNKNOWN,UNKNOWN,,UNKNOWN,UNKNOWN,UNKNOWN,,UNKNOWN,UNKNOWN,UNKNOWN,,Y,C,https://www.legalnomads.com/,Direct site observation: sells food-art and typographic posters via an online shop.,Y,C,https://www.legalnomads.com/,Direct site observation: Patreon-based recurring-support membership.,Y,C,https://www.legalnomads.com/,Direct site observation: free monthly newsletter.,UNKNOWN,UNKNOWN,UNKNOWN,UNKNOWN,"No sitemap/index-count (or other automatable) content-scale proxy was collected during Study A Wave 001 research -- left UNKNOWN rather than backfill a guessed value, matching the A0 dataset's own precedent for this field."
youngadventuress.com,Young Adventuress,Young Adventuress,Travel,UNKNOWN,2026-09-17,Contrast Cohort,LOW,Y,D,,"Author holds a 'Lonely Planet author & correspondent' credential (per direct observation) and has pivoted into polar-expedition guiding -- reasoned as a former mainstream travel-blog niche authority, now largely inactive as a blog (see contrast fields).",Y,C,https://youngadventuress.com/,"Direct site observation: the most recent post found was 'A big life update: join me in the Arctic' dated July 2024 -- no newer posts found as of this research (Sept 2026), a gap of over two years, coinciding with the author's pivot to guided polar expeditions.",cadence_drop,"Most recent post July 2024; no confirmed newer posts through Sept 2026 (~2+ years), alongside an explicit pivot to guiding work.",2003,A,https://youngadventuress.com/start-here,"Operator direct statement (page published 2017-02-02 per metadata): ""I started this blog 14 years ago when I was getting ready to move to Spain to teach English and procrastinate on life."" 2017-14=2003.",Similarweb,total visits,CONTENT_ONLY,41000,trailing_3_months,13667,"raw_3mo_total / 3, rounded to nearest integer",2026-09-17,Similarweb 'Total Visits Last 3 Months' snapshot; page accessed 2026-09-17,B,https://www.similarweb.com/website/youngadventuress.com/,"Similarweb free-tier estimate (""Total Visits Last 3 Months""); exact reporting month varied by page and was not independently reconciled beyond the trailing-3-month framing, so no specific month is asserted.",UNKNOWN,UNKNOWN,UNKNOWN,UNKNOWN,UNKNOWN,,UNKNOWN,UNKNOWN,UNKNOWN,,UNKNOWN,UNKNOWN,UNKNOWN,,Y,C,https://youngadventuress.com/,Direct site observation: promotes a paid Arctic expedition-guiding experience ('join me in the Arctic').,Y,C,https://youngadventuress.com/,Direct site observation: 'How to start a travel blog' / 'How to get paid to travel' paid-adjacent guides.,Y,C,https://youngadventuress.com/,Direct site observation: newsletter signup emphasizing 'travel blogging and social media tips.',UNKNOWN,UNKNOWN,UNKNOWN,UNKNOWN,"No sitemap/index-count (or other automatable) content-scale proxy was collected during Study A Wave 001 research -- left UNKNOWN rather than backfill a guessed value, matching the A0 dataset's own precedent for this field."
becomingminimalist.com,Becoming Minimalist,Becoming Minimalist,Other Strong Niche,UNKNOWN,2026-09-17,Large/Traffic Leader,MID,Y,D,,"Author runs a professional certification program (Becker Method) and paid membership, with speaking engagements -- reasoned as an established niche authority in the minimalism/lifestyle space.",UNKNOWN,UNKNOWN,UNKNOWN,No evidence of decline found; certification and membership actively promoted.,NOT_APPLICABLE,,2008,A,https://www.becomingminimalist.com/the-journey-begins/,"Operator direct statement, first blog post dated May 28, 2008: ""It all started harmless enough on a spring Saturday morning as my 5-year old son and I went to clean the garage."" (Joshua Becker)",Similarweb,total visits,CONTENT_ONLY,252300,trailing_3_months,84100,"raw_3mo_total / 3, rounded to nearest integer",2026-09-17,Similarweb 'Total Visits Last 3 Months' snapshot; page accessed 2026-09-17,B,https://www.similarweb.com/website/becomingminimalist.com/,"Similarweb free-tier estimate (""Total Visits Last 3 Months""); exact reporting month varied by page and was not independently reconciled beyond the trailing-3-month framing, so no specific month is asserted.",UNKNOWN,UNKNOWN,UNKNOWN,UNKNOWN,UNKNOWN,,UNKNOWN,UNKNOWN,UNKNOWN,,UNKNOWN,UNKNOWN,UNKNOWN,,Y,C,https://www.becomingminimalist.com/,"Direct site observation: sells books, a paid membership ('The Minimalist Life'), and a professional 'Becker Method Certified' certification program.",Y,C,https://www.becomingminimalist.com/,Direct site observation: paid membership program and certification course.,Y,C,https://www.becomingminimalist.com/,Direct site observation: 'Sign up to receive these posts delivered directly to your inbox for free.',UNKNOWN,UNKNOWN,UNKNOWN,UNKNOWN,"No sitemap/index-count (or other automatable) content-scale proxy was collected during Study A Wave 001 research -- left UNKNOWN rather than backfill a guessed value, matching the A0 dataset's own precedent for this field."
winefolly.com,Wine Folly,Wine Folly,Other Strong Niche,UNKNOWN,2026-09-17,Large/Traffic Leader,MID,Y,D,,"Claims over 20,000 course students and a 4.8-star rating across 4,079 reviews (per direct site observation), plus a full e-commerce shop and membership tier -- reasoned as a major niche authority in wine education.",UNKNOWN,UNKNOWN,UNKNOWN,No evidence of decline found; actively selling courses and membership.,NOT_APPLICABLE,,2011,A,https://winefolly.com/about-us/,"Operator direct statement: ""Wine Folly first launched in 2011 in Seattle, Washington.""",Similarweb,total visits,CONTENT_ONLY,396200,trailing_3_months,132067,"raw_3mo_total / 3, rounded to nearest integer",2026-09-17,Similarweb 'Total Visits Last 3 Months' snapshot; page accessed 2026-09-17,B,https://www.similarweb.com/website/winefolly.com/,"Similarweb free-tier estimate (""Total Visits Last 3 Months""); exact reporting month varied by page and was not independently reconciled beyond the trailing-3-month framing, so no specific month is asserted.",UNKNOWN,UNKNOWN,UNKNOWN,UNKNOWN,UNKNOWN,,UNKNOWN,UNKNOWN,UNKNOWN,,UNKNOWN,UNKNOWN,UNKNOWN,,Y,C,https://winefolly.com/,"Direct site observation: sells online courses (Wine 101/201, regional courses), physical products (books, maps, posters, glassware) via a shop, and a wine club.",Y,C,https://winefolly.com/,"Direct site observation: 'Wine Folly+' premium membership with member-exclusive tools; site claims 'over 20,000 students.'",Y,C,https://winefolly.com/,Direct site observation: 'Subscribe Free & Never Miss A Week' newsletter CTA.,UNKNOWN,UNKNOWN,UNKNOWN,UNKNOWN,"No sitemap/index-count (or other automatable) content-scale proxy was collected during Study A Wave 001 research -- left UNKNOWN rather than backfill a guessed value, matching the A0 dataset's own precedent for this field."
theminimalists.com,The Minimalists,The Minimalists,Other Strong Niche,UNKNOWN,2026-09-17,Large/Traffic Leader,MID,Y,D,,"New York Times-bestselling authors (per direct observation) with a documentary, live tour, and long-running podcast (556+ episodes observed) -- clearly an established niche authority.",UNKNOWN,UNKNOWN,UNKNOWN,"Direct observation found high current activity (active tour promotion, current course discount, regular podcast episodes) -- no decline.",NOT_APPLICABLE,,2010,B,https://en.wikipedia.org/wiki/The_Minimalists,"Third-party (Wikipedia) statement: ""Millburn and Nicodemus launched their website in 2010."" No first-party founding statement was found on theminimalists.com itself.",Similarweb,total visits,CONTENT_ONLY,181700,trailing_3_months,60567,"raw_3mo_total / 3, rounded to nearest integer",2026-09-17,Similarweb 'Total Visits Last 3 Months' snapshot; page accessed 2026-09-17,B,https://www.similarweb.com/website/theminimalists.com/,"Similarweb free-tier estimate (""Total Visits Last 3 Months""); exact reporting month varied by page and was not independently reconciled beyond the trailing-3-month framing, so no specific month is asserted.",UNKNOWN,UNKNOWN,UNKNOWN,UNKNOWN,UNKNOWN,,N,C,https://www.theminimalists.com/,Direct site observation: no display advertising visible.,UNKNOWN,UNKNOWN,UNKNOWN,,Y,C,https://www.theminimalists.com/,"Direct site observation: New York Times-bestselling authors selling books, a documentary/film, an online decluttering course ('Simplify Everything'), and a live tour ('How to Let Go Tour').",Y,C,https://www.theminimalists.com/,Direct site observation: 'Simplify Everything' paid course plus a Patreon membership and 'Friday Afternoon Minimalist Zoom' exclusive access.,Y,C,https://www.theminimalists.com/,Direct site observation: email capture form on homepage.,UNKNOWN,UNKNOWN,UNKNOWN,UNKNOWN,"No sitemap/index-count (or other automatable) content-scale proxy was collected during Study A Wave 001 research -- left UNKNOWN rather than backfill a guessed value, matching the A0 dataset's own precedent for this field."
wornandwound.com,Worn & Wound,Worn & Wound,Other Strong Niche,UNKNOWN,2026-09-17,Mid-scale Active Site,HIGH,Y,D,,"Operating since 2011 with its own e-commerce brand (Windup Watch Shop), branded events, and sponsored-content partnerships -- reasoned as an established niche authority in independent watch media.",UNKNOWN,UNKNOWN,UNKNOWN,No evidence of decline found; actively running events and shop sales.,NOT_APPLICABLE,,2011,A,https://wornandwound.com/,Operator direct statement: footer copyright reads '(c)2011 - 2026.',Similarweb,total visits,CONTENT_ONLY,805000,trailing_3_months,268333,"raw_3mo_total / 3, rounded to nearest integer",2026-09-17,Similarweb 'Total Visits Last 3 Months' snapshot; page accessed 2026-09-17,B,https://www.similarweb.com/website/wornandwound.com/,"Similarweb free-tier estimate (""Total Visits Last 3 Months""); exact reporting month varied by page and was not independently reconciled beyond the trailing-3-month framing, so no specific month is asserted.",UNKNOWN,UNKNOWN,UNKNOWN,UNKNOWN,UNKNOWN,,Y,C,https://wornandwound.com/,Direct site observation: articles marked 'Sponsored' and Google Tag Manager integration observed.,Y,C,https://wornandwound.com/,Direct site observation: product links throughout content direct to their own shop in an affiliate-style pattern.,Y,C,https://wornandwound.com/,"Direct site observation: operates 'Windup Watch Shop' e-commerce store selling watches directly (e.g. Venezianico, Timex x Worn & Wound collaboration).",Y,C,https://wornandwound.com/,Direct site observation: organizes 'Windup Watch Fair' events.,Y,C,https://wornandwound.com/,Direct site observation: prominent email subscription feature.,UNKNOWN,UNKNOWN,UNKNOWN,UNKNOWN,"No sitemap/index-count (or other automatable) content-scale proxy was collected during Study A Wave 001 research -- left UNKNOWN rather than backfill a guessed value, matching the A0 dataset's own precedent for this field."
precisionnutrition.com,Precision Nutrition,Precision Nutrition,Other Strong Niche,UNKNOWN,2026-09-17,Mid-scale Active Site,MID,Y,D,,Operating since 2005 with a professional certification business and its own coaching software (ProCoach) -- reasoned as an established niche authority in nutrition coaching.,UNKNOWN,UNKNOWN,UNKNOWN,No evidence of decline found.,NOT_APPLICABLE,,2005,A,https://www.precisionnutrition.com/,Operator direct statement: site states 'Transforming lives and certifying professionals since 2005.',Similarweb,total visits,CONTENT_ONLY,406000,trailing_3_months,135333,"raw_3mo_total / 3, rounded to nearest integer",2026-09-17,Similarweb 'Total Visits Last 3 Months' snapshot; page accessed 2026-09-17,B,https://www.similarweb.com/website/precisionnutrition.com/,"Similarweb free-tier estimate (""Total Visits Last 3 Months""); exact reporting month varied by page and was not independently reconciled beyond the trailing-3-month framing, so no specific month is asserted.",UNKNOWN,UNKNOWN,UNKNOWN,UNKNOWN,UNKNOWN,,N,C,https://www.precisionnutrition.com/,Direct site observation: no display ads found; model is direct certification/coaching sales.,UNKNOWN,UNKNOWN,UNKNOWN,,Y,C,https://www.precisionnutrition.com/,"Direct site observation: sells Level 1/Level 2 professional nutrition-coaching certifications, 1:1 coaching, a 'ProCoach' software product, and books/apparel.",Y,C,https://www.precisionnutrition.com/,Direct site observation: certification programs and direct-to-consumer coaching programs.,Y,C,https://www.precisionnutrition.com/,Direct site observation: free newsletter ('The Smartest Coach in the Room').,UNKNOWN,UNKNOWN,UNKNOWN,UNKNOWN,"No sitemap/index-count (or other automatable) content-scale proxy was collected during Study A Wave 001 research -- left UNKNOWN rather than backfill a guessed value, matching the A0 dataset's own precedent for this field."
breakingbourbon.com,Breaking Bourbon,Breaking Bourbon,Other Strong Niche,UNKNOWN,2026-09-17,Narrow Niche Authority,MID,Y,D,,Site positions itself as 'the #1 Authority in Bourbon & American Whiskey' (per direct observation) with a small specialized editorial team and its own paid membership club -- reasoned as a niche authority.,UNKNOWN,UNKNOWN,UNKNOWN,No evidence of decline found.,NOT_APPLICABLE,,2014,B,https://www.prweb.com/releases/the-most-visited-bourbon-and-american-whiskey-centered-website-breaking-bourbon-celebrates-10-years-302160428.html,"Third-party press-release reporting (PRWeb, published May 31, 2024): ""This month marks the 10th anniversary of America's leading bourbon and American whiskey focused website, Breaking Bourbon."" 2024-10=2014.",Similarweb,total visits,CONTENT_ONLY,564300,trailing_3_months,188100,"raw_3mo_total / 3, rounded to nearest integer",2026-09-17,Similarweb 'Total Visits Last 3 Months' snapshot; page accessed 2026-09-17,B,https://www.similarweb.com/website/breakingbourbon.com/,"Similarweb free-tier estimate (""Total Visits Last 3 Months""); exact reporting month varied by page and was not independently reconciled beyond the trailing-3-month framing, so no specific month is asserted.",UNKNOWN,UNKNOWN,UNKNOWN,UNKNOWN,UNKNOWN,,Y,C,https://breakingbourbon.com/,"Direct site observation: banner ads visible (Michter's, WhiskeySource, Bourbon Mystery Box).",Y,C,https://breakingbourbon.com/,Direct site observation: links to retail partners for whiskey purchases.,Y,C,https://breakingbourbon.com/,Direct site observation: 'Single Barrel Club' paid membership offering exclusive curated bottlings.,Y,C,https://breakingbourbon.com/,Direct site observation: 'Single Barrel Club' functions as a paid ongoing membership/community.,Y,C,https://breakingbourbon.com/,Direct site observation: email capture for audience engagement.,UNKNOWN,UNKNOWN,UNKNOWN,UNKNOWN,"No sitemap/index-count (or other automatable) content-scale proxy was collected during Study A Wave 001 research -- left UNKNOWN rather than backfill a guessed value, matching the A0 dataset's own precedent for this field."
thephoblographer.com,The Phoblographer,The Phoblographer,Other Strong Niche,UNKNOWN,2026-09-17,Narrow Niche Authority,MID,Y,D,,Long-running photography-gear review site with its own paid membership tier and insurance product -- reasoned as a niche authority in photography-gear journalism.,UNKNOWN,UNKNOWN,UNKNOWN,No evidence of decline found.,NOT_APPLICABLE,,2009,A,https://www.thephoblographer.com/2019/04/08/turning-10-chris-gampat-gets-candid-about-running-the-phoblographer/,"Operator direct statement in ""Turning 10"" anniversary article (published April 8, 2019), including a screenshot of the site's first blog post. 2019-10=2009.",Similarweb,total visits,CONTENT_ONLY,593200,trailing_3_months,197733,"raw_3mo_total / 3, rounded to nearest integer",2026-09-17,Similarweb 'Total Visits Last 3 Months' snapshot; page accessed 2026-09-17,B,https://www.similarweb.com/website/thephoblographer.com/,"Similarweb free-tier estimate (""Total Visits Last 3 Months""); exact reporting month varied by page and was not independently reconciled beyond the trailing-3-month framing, so no specific month is asserted.",UNKNOWN,UNKNOWN,UNKNOWN,UNKNOWN,UNKNOWN,,Y,C,https://www.thephoblographer.com/,Direct site observation: 'Subscribe here for an ad-free experience' banner confirms an ad-supported free tier.,UNKNOWN,UNKNOWN,UNKNOWN,,Y,C,https://www.thephoblographer.com/,Direct site observation: sells photography presets/eBooks and a 'photography care plan' insurance product; also an ad-free paid membership.,Y,C,https://www.thephoblographer.com/,Direct site observation: ad-free membership subscription.,Y,C,https://www.thephoblographer.com/,Direct site observation: 'SUBSCRIBE TO OUR NEWSLETTER' sidebar CTA.,UNKNOWN,UNKNOWN,UNKNOWN,UNKNOWN,"No sitemap/index-count (or other automatable) content-scale proxy was collected during Study A Wave 001 research -- left UNKNOWN rather than backfill a guessed value, matching the A0 dataset's own precedent for this field."
marksdailyapple.com,Mark's Daily Apple,Mark's Daily Apple,Other Strong Niche,UNKNOWN,2026-09-17,Contrast Cohort,LOW,Y,D,,"Historically one of the largest individual health/paleo blogs (Mark Sisson, Primal Blueprint movement) -- reasoned as a former major niche authority, now operating at a much smaller scale (see contrast fields).",Y,C,https://www.marksdailyapple.com/,"Direct site observation: the domain now describes itself as 'a Substack publication with thousands of subscribers' (~4,000 claimed) -- a structural downsizing from what was historically a large, heavily-trafficked independent blog with a dedicated editorial/content team under the Primal Blueprint/Primal Kitchen brand.",historically_declined,"Site has structurally transitioned from a large independent blog operation to a small Substack newsletter (~4,000 subscribers claimed, per direct observation).",2006,A,https://www.marksdailyapple.com/about,"Operator direct statement: ""I started this blog in 2006 to empower people to take full responsibility for their own health..."" (Mark Sisson)",Similarweb,total visits,CONTENT_ONLY,1300,trailing_3_months,433,"raw_3mo_total / 3, rounded to nearest integer",2026-09-17,Similarweb 'Total Visits Last 3 Months' snapshot; page accessed 2026-09-17,B,https://www.similarweb.com/website/marksdailyapple.com/,"Similarweb free-tier estimate (""Total Visits Last 3 Months""); exact reporting month varied by page and was not independently reconciled beyond the trailing-3-month framing, so no specific month is asserted.",UNKNOWN,UNKNOWN,UNKNOWN,UNKNOWN,UNKNOWN,,UNKNOWN,UNKNOWN,UNKNOWN,,UNKNOWN,UNKNOWN,UNKNOWN,,UNKNOWN,UNKNOWN,UNKNOWN,,Y,C,https://www.marksdailyapple.com/,Direct site observation: now operates as 'a Substack publication with thousands of subscribers' -- Substack's built-in subscription/community features apply.,Y,C,https://www.marksdailyapple.com/,"Direct site observation: Substack subscription is the site's primary current mechanism ('over 4,000 subscribers' claimed on the page).",UNKNOWN,UNKNOWN,UNKNOWN,UNKNOWN,"No sitemap/index-count (or other automatable) content-scale proxy was collected during Study A Wave 001 research -- left UNKNOWN rather than backfill a guessed value, matching the A0 dataset's own precedent for this field."
strobist.blogspot.com,Strobist,Strobist,Other Strong Niche,UNKNOWN,2026-09-17,Contrast Cohort,LOW,Y,D,,"Widely credited (per direct site observation and general industry knowledge) as one of the most influential photography-lighting education resources of the mid-2000s to 2010s -- reasoned as a historically major niche authority, now fully inactive (see contrast fields).",Y,C,https://strobist.blogspot.com/,"Direct site observation: the site's own page states 'Strobist is a blog that was published from 2006 to 2021,' confirming complete cessation of new content after 2021.",shutdown,Published 2006-2021; confirmed inactive/archival-only since 2021 (per the site's own description).,2006,C,https://strobist.blogspot.com/2006/02/welcome-to-strobist.html,"Direct observation: earliest identifiable post/archive URL is dated February 2006 (""What is Strobist?"" welcome post).",Similarweb,total visits,CONTENT_ONLY,25500,trailing_3_months,8500,"raw_3mo_total / 3, rounded to nearest integer",2026-09-17,Similarweb 'Total Visits Last 3 Months' snapshot; page accessed 2026-09-17,B,https://www.similarweb.com/website/strobist.blogspot.com/,"Similarweb free-tier estimate (""Total Visits Last 3 Months""); exact reporting month varied by page and was not independently reconciled beyond the trailing-3-month framing, so no specific month is asserted.",UNKNOWN,UNKNOWN,UNKNOWN,UNKNOWN,UNKNOWN,,UNKNOWN,UNKNOWN,UNKNOWN,,UNKNOWN,UNKNOWN,UNKNOWN,,N,C,https://strobist.blogspot.com/,Direct site observation: content is explicitly described as free educational material multiple times; no products/courses for sale found on the archival page.,N,C,https://strobist.blogspot.com/,Direct site observation: no paid community found.,N,C,https://strobist.blogspot.com/,Direct site observation: no newsletter signup found on the archival page.,UNKNOWN,UNKNOWN,UNKNOWN,UNKNOWN,"No sitemap/index-count (or other automatable) content-scale proxy was collected during Study A Wave 001 research -- left UNKNOWN rather than backfill a guessed value, matching the A0 dataset's own precedent for this field."
manrepeller.com,Man Repeller,Man Repeller,Other Strong Niche,UNKNOWN,2026-09-17,Contrast Cohort,UNKNOWN,Y,D,,"Man Repeller was a highly influential independent fashion/lifestyle media brand (Leandra Medine) prior to ceasing operations -- reasoned as a formerly major niche authority, now shut down (see contrast fields).",Y,B,https://fashionista.com/2020/10/man-repeller-shutting-down,"Third-party reporting: Fashionista and MediaPost both reported the site ceased operations on October 28, 2020, following internal controversy; Fashionista published a follow-up on 'The Complicated Legacy of Man Repeller.'",shutdown,"Ceased operations October 28, 2020, per contemporaneous press reporting (Fashionista, MediaPost).",2010,B,https://en.wikipedia.org/wiki/Man_Repeller,"Third-party (Wikipedia) statement: ""Medine started the Man Repeller blog in May 2010.""",UNKNOWN,UNKNOWN,CONTENT_ONLY,UNKNOWN,UNKNOWN,UNKNOWN,UNKNOWN,UNKNOWN,UNKNOWN,UNKNOWN,UNKNOWN,"Similarweb page shows ""No Data to Display""/""No Data Available"" across all traffic sections for this shut-down domain; left UNKNOWN.",UNKNOWN,UNKNOWN,UNKNOWN,UNKNOWN,UNKNOWN,,UNKNOWN,UNKNOWN,UNKNOWN,,UNKNOWN,UNKNOWN,UNKNOWN,,UNKNOWN,UNKNOWN,UNKNOWN,,UNKNOWN,UNKNOWN,UNKNOWN,,UNKNOWN,UNKNOWN,UNKNOWN,,UNKNOWN,UNKNOWN,UNKNOWN,UNKNOWN,"No sitemap/index-count (or other automatable) content-scale proxy was collected during Study A Wave 001 research -- left UNKNOWN rather than backfill a guessed value, matching the A0 dataset's own precedent for this field."
